index,car_name,aa_seq,aa_len,color
1,CD28,RSKRSRLLHSDYMNMTPRRPGPTRKHYQPYAPPRDFAAYRS,41,#E41A1C
2,TNR9,KRGRKKLLYIFKQPFMRPVQTTQEEDGCSCRFPEEEEGGCEL,42,#33A02C
3,DRB5,YFKNQKGHSGLHPTGLVS,18,#0868AC
4,DRB528C,YFKNQKGHSGLHPTGLVSPTRKHYQPYAPPRDFAAYRS,38,#1F78B4
5,Zeta,---,3,#000000
6,MEGF8,LWKAKQALDQRQEQRRHLQEMTKMASRPFAKVTVCFPPDPTAPASAWKPAGLPPP,55,#FF7F00
7,MBTP1,NKAKSRPKRRKPRVKRPQLMQQVHPPKTPSV,31,#FFFF33
8,CD28.lev11,RMKRRSRQLHSDYMNMTRRRPAPTRKHYQPYAPPRHARPA,40,#FB6A4A
9,CD28.lev20,KRSKRRRGVHSDSMHRMTQPRRRKSTRHYQPYARASGGA,39,#FCAE91
10,TNR9.lev8,KRGRKKRLYIQAQPQMRPVQTTQEEDGGSCRRFPEEEGGEEL,42,#78C679
11,TNR9.lev16,KRGRRKMILRQDQTTRQGEEGCSCRFPEEEEGGEEL,36,#C2E699
12,DRB5.lev8,YFRNQKGHSTRGEQS,15,#43A2CA
13,DRB528C.lev26,KKGKSKSRKGDSRQDQPYAPPRRDPRPCSSEES,33,#7BCCC4
14,COMB.opt.27aa,KMRRSRGKGGHYQQRRRSRPQQGRASV,27,#A65628
15,COMB.opt.17aa,QCHNRRRRQHRVFRRGS,17,#F781BF
16,MEGF8.lev30,LWRKARQRQERRMLQRETKAPVCFNPEDPPSPP,33,#FDB462