,Lymphocytes/Single Cells/Single Cells/live_car/CD3/IFNg+ | Freq. of Parent (%),Lymphocytes/Single Cells/Single Cells/live_car/CD3/IFNg- | Freq. of Parent (%),Lymphocytes/Single Cells/Single Cells/live_car/CD3 | Freq. of Parent (%),Lymphocytes/Single Cells/Single Cells/live_car/CD3/IL2+ | Freq. of Parent (%),Lymphocytes/Single Cells/Single Cells/live_untr | Freq. of Lymphocytes (%),Lymphocytes/Single Cells/Single Cells/live_car | Freq. of Lymphocytes (%),Lymphocytes/Single Cells/Single Cells/live_car/CD3/IL2- | Freq. of Parent (%),Lymphocytes/Single Cells/Single Cells/live_untr/CD4 | Freq. of Parent (%),Lymphocytes/Single Cells/Single Cells/live_untr/CD8 | Freq. of Parent (%),"Lymphocytes/Single Cells/Single Cells/live_car/CD3/Q1: CD45RO- , CD62L+ | Freq. of Parent (%)",Lymphocytes/Single Cells/Single Cells/live_car/CD8 | Freq. of Parent (%),Lymphocytes/Single Cells/Single Cells/live_untr/CD3 | Freq. of Parent (%),"Lymphocytes/Single Cells/Single Cells/live_car/CD3/Q2: CD45RO+ , CD62L+ | Freq. of Parent (%)","Lymphocytes/Single Cells/Single Cells/live_car/CD3/Q3: CD45RO+ , CD62L- | Freq. of Parent (%)","Lymphocytes/Single Cells/Single Cells/live_car/CD3/Q4: CD45RO- , CD62L- | Freq. of Parent (%)",Lymphocytes/Single Cells/Single Cells/live_car/CD4 | Freq. of Parent (%),"Lymphocytes/Single Cells/Single Cells/live_car/CD3/Q5: IFNg- , IL2+ | Freq. of Parent (%)","Lymphocytes/Single Cells/Single Cells/live_car/CD3/Q6: IFNg+ , IL2+ | Freq. of Parent (%)","Lymphocytes/Single Cells/Single Cells/live_car/CD3/Q7: IFNg+ , IL2- | Freq. of Parent (%)","Lymphocytes/Single Cells/Single Cells/live_car/CD3/Q8: IFNg- , IL2- | Freq. of Parent (%)",Lymphocytes/Single Cells/Single Cells/live_car/CD4/TNF-a- | Freq. of Parent (%),Lymphocytes/Single Cells/Single Cells/live_car/CD4/TNF-a+ | Freq. of Parent (%),"Lymphocytes/Single Cells/Single Cells/live_car/CD4/Q12: IFNg- , TNF-a- | Freq. of Parent (%)","Lymphocytes/Single Cells/Single Cells/live_untr/Q4: CD8- , CD4- | Freq. of Parent (%)","Lymphocytes/Single Cells/Single Cells/live_untr/Q2: CD8+ , CD4+ | Freq. of Parent (%)",Lymphocytes/Single Cells/Single Cells/live_untr/CD8/TNF-a- | Freq. of Parent (%),Lymphocytes/Single Cells/Single Cells/live_untr/CD8/TNF-a+ | Freq. of Parent (%),"Lymphocytes/Single Cells/Single Cells/live_untr/CD8/Q12: IFNg- , TNF-a- | Freq. of Parent (%)","Lymphocytes/Single Cells/Single Cells/live_untr/CD8/Q11: IFNg+ , TNF-a- | Freq. of Parent (%)","Lymphocytes/Single Cells/Single Cells/live_untr/CD8/Q10: IFNg+ , TNF-a+/IL2- | Freq. of Grandparent (%)","Lymphocytes/Single Cells/Single Cells/live_untr/CD8/Q10: IFNg+ , TNF-a+/IL2+ | Freq. of Grandparent (%)","Lymphocytes/Single Cells/Single Cells/live_untr/CD8/Q10: IFNg+ , TNF-a+ | Freq. of Parent (%)","Lymphocytes/Single Cells/Single Cells/live_untr/CD8/Q9: IFNg- , TNF-a+ | Freq. of Parent (%)","Lymphocytes/Single Cells/Single Cells/live_untr/CD8/Q8: IFNg- , IL2- | Freq. of Parent (%)","Lymphocytes/Single Cells/Single Cells/live_untr/CD8/Q7: IFNg+ , IL2- | Freq. of Parent (%)","Lymphocytes/Single Cells/Single Cells/live_untr/CD8/Q6: IFNg+ , IL2+ | Freq. of Parent (%)","Lymphocytes/Single Cells/Single Cells/live_untr/CD8/Q5: IFNg- , IL2+ | Freq. of Parent (%)","Lymphocytes/Single Cells/Single Cells/live_untr/CD8/Q10: IFNg+ , TNF-a+/IL2- | Freq. of Grandparent (%)","Lymphocytes/Single Cells/Single Cells/live_untr/CD8/Q10: IFNg+ , TNF-a+/IL2+ | Freq. of Grandparent (%)","Lymphocytes/Single Cells/Single Cells/live_untr/CD8/Q4: CD45RO- , CD62L- | Freq. of Parent (%)","Lymphocytes/Single Cells/Single Cells/live_untr/CD8/Q3: CD45RO+ , CD62L- | Freq. of Parent (%)","Lymphocytes/Single Cells/Single Cells/live_untr/CD8/Q2: CD45RO+ , CD62L+ | Freq. of Parent (%)","Lymphocytes/Single Cells/Single Cells/live_untr/CD8/Q1: CD45RO- , CD62L+ | Freq. of Parent (%)",Lymphocytes/Single Cells/Single Cells/live_untr/CD8/IL2- | Freq. of Parent (%),Lymphocytes/Single Cells/Single Cells/live_untr/CD8/IL2+ | Freq. of Parent (%),Lymphocytes/Single Cells/Single Cells/live_untr/CD8/IFNg- | Freq. of Parent (%),Lymphocytes/Single Cells/Single Cells/live_untr/CD8/IFNg+ | Freq. of Parent (%),Lymphocytes/Single Cells/Single Cells/live_untr/CD4/TNF-a- | Freq. of Parent (%),Lymphocytes/Single Cells/Single Cells/live_untr/CD4/TNF-a+ | Freq. of Parent (%),"Lymphocytes/Single Cells/Single Cells/live_untr/CD4/Q12: IFNg- , TNF-a- | Freq. of Parent (%)","Lymphocytes/Single Cells/Single Cells/live_untr/CD4/Q11: IFNg+ , TNF-a- | Freq. of Parent (%)","Lymphocytes/Single Cells/Single Cells/live_untr/CD4/Q10: IFNg+ , TNF-a+/IL2- | Freq. of Grandparent (%)","Lymphocytes/Single Cells/Single Cells/live_untr/CD4/Q10: IFNg+ , TNF-a+/IL2+ | Freq. of Grandparent (%)","Lymphocytes/Single Cells/Single Cells/live_untr/CD4/Q10: IFNg+ , TNF-a+ | Freq. of Parent (%)","Lymphocytes/Single Cells/Single Cells/live_untr/CD4/Q9: IFNg- , TNF-a+ | Freq. of Parent (%)","Lymphocytes/Single Cells/Single Cells/live_untr/CD4/Q8: IFNg- , IL2- | Freq. of Parent (%)","Lymphocytes/Single Cells/Single Cells/live_untr/CD4/Q7: IFNg+ , IL2- | Freq. of Parent (%)","Lymphocytes/Single Cells/Single Cells/live_untr/CD4/Q6: IFNg+ , IL2+ | Freq. of Parent (%)","Lymphocytes/Single Cells/Single Cells/live_untr/CD4/Q5: IFNg- , IL2+ | Freq. of Parent (%)","Lymphocytes/Single Cells/Single Cells/live_untr/CD4/Q4: CD45RO- , CD62L- | Freq. of Parent (%)","Lymphocytes/Single Cells/Single Cells/live_untr/CD4/Q3: CD45RO+ , CD62L- | Freq. of Parent (%)","Lymphocytes/Single Cells/Single Cells/live_untr/CD4/Q2: CD45RO+ , CD62L+ | Freq. of Parent (%)","Lymphocytes/Single Cells/Single Cells/live_untr/CD4/Q1: CD45RO- , CD62L+ | Freq. of Parent (%)",Lymphocytes/Single Cells/Single Cells/live_untr/CD4/IL2- | Freq. of Parent (%),Lymphocytes/Single Cells/Single Cells/live_untr/CD4/IL2+ | Freq. of Parent (%),Lymphocytes/Single Cells/Single Cells/live_untr/CD4/IFNg- | Freq. of Parent (%),Lymphocytes/Single Cells/Single Cells/live_untr/CD4/IFNg+ | Freq. of Parent (%),Lymphocytes/Single Cells/Single Cells/live_untr/CD3/TNF-a- | Freq. of Parent (%),Lymphocytes/Single Cells/Single Cells/live_untr/CD3/TNF-a+ | Freq. of Parent (%),"Lymphocytes/Single Cells/Single Cells/live_untr/CD3/Q12: IFNg- , TNF-a- | Freq. of Parent (%)","Lymphocytes/Single Cells/Single Cells/live_untr/CD3/Q11: IFNg+ , TNF-a- | Freq. of Parent (%)","Lymphocytes/Single Cells/Single Cells/live_untr/CD3/Q10: IFNg+ , TNF-a+/IL2- | Freq. of Grandparent (%)","Lymphocytes/Single Cells/Single Cells/live_untr/CD3/Q10: IFNg+ , TNF-a+/IL2+ | Freq. of Grandparent (%)","Lymphocytes/Single Cells/Single Cells/live_untr/CD3/Q10: IFNg+ , TNF-a+ | Freq. of Parent (%)","Lymphocytes/Single Cells/Single Cells/live_untr/CD3/Q9: IFNg- , TNF-a+ | Freq. of Parent (%)","Lymphocytes/Single Cells/Single Cells/live_untr/CD3/Q8: IFNg- , IL2- | Freq. of Parent (%)","Lymphocytes/Single Cells/Single Cells/live_untr/CD3/Q7: IFNg+ , IL2- | Freq. of Parent (%)","Lymphocytes/Single Cells/Single Cells/live_untr/CD3/Q6: IFNg+ , IL2+ | Freq. of Parent (%)","Lymphocytes/Single Cells/Single Cells/live_untr/CD3/Q5: IFNg- , IL2+ | Freq. of Parent (%)","Lymphocytes/Single Cells/Single Cells/live_untr/CD3/Q4: CD45RO- , CD62L- | Freq. of Parent (%)","Lymphocytes/Single Cells/Single Cells/live_untr/CD3/Q3: CD45RO+ , CD62L- | Freq. of Parent (%)","Lymphocytes/Single Cells/Single Cells/live_untr/CD3/Q2: CD45RO+ , CD62L+ | Freq. of Parent (%)","Lymphocytes/Single Cells/Single Cells/live_untr/CD3/Q1: CD45RO- , CD62L+ | Freq. of Parent (%)",Lymphocytes/Single Cells/Single Cells/live_untr/CD3/IL2- | Freq. of Parent (%),Lymphocytes/Single Cells/Single Cells/live_untr/CD3/IL2+ | Freq. of Parent (%),Lymphocytes/Single Cells/Single Cells/live_untr/CD3/IFNg- | Freq. of Parent (%),Lymphocytes/Single Cells/Single Cells/live_untr/CD3/IFNg+ | Freq. of Parent (%),Lymphocytes/Single Cells/Single Cells/live_untr/CD3 | Freq. of Parent (%),"Lymphocytes/Single Cells/Single Cells/live_car/CD4/Q11: IFNg+ , TNF-a- | Freq. of Parent (%)","Lymphocytes/Single Cells/Single Cells/live_car/Q4: CD8- , CD4- | Freq. of Parent (%)","Lymphocytes/Single Cells/Single Cells/live_car/Q2: CD8+ , CD4+ | Freq. of Parent (%)",Lymphocytes/Single Cells/Single Cells/live_car/CD8/TNF-a- | Freq. of Parent (%),Lymphocytes/Single Cells/Single Cells/live_car/CD8/TNF-a+ | Freq. of Parent (%),"Lymphocytes/Single Cells/Single Cells/live_car/CD8/Q12: IFNg- , TNF-a- | Freq. of Parent (%)","Lymphocytes/Single Cells/Single Cells/live_car/CD8/Q11: IFNg+ , TNF-a- | Freq. of Parent (%)","Lymphocytes/Single Cells/Single Cells/live_car/CD8/Q10: IFNg+ , TNF-a+/IL2- | Freq. of Grandparent (%)","Lymphocytes/Single Cells/Single Cells/live_car/CD8/Q10: IFNg+ , TNF-a+/IL2+ | Freq. of Grandparent (%)","Lymphocytes/Single Cells/Single Cells/live_car/CD8/Q10: IFNg+ , TNF-a+ | Freq. of Parent (%)","Lymphocytes/Single Cells/Single Cells/live_car/CD8/Q9: IFNg- , TNF-a+ | Freq. of Parent (%)","Lymphocytes/Single Cells/Single Cells/live_car/CD8/Q8: IFNg- , IL2- | Freq. of Parent (%)","Lymphocytes/Single Cells/Single Cells/live_car/CD8/Q7: IFNg+ , IL2- | Freq. of Parent (%)","Lymphocytes/Single Cells/Single Cells/live_car/CD8/Q6: IFNg+ , IL2+ | Freq. of Parent (%)","Lymphocytes/Single Cells/Single Cells/live_car/CD8/Q5: IFNg- , IL2+ | Freq. of Parent (%)","Lymphocytes/Single Cells/Single Cells/live_car/CD8/Q4: CD45RO- , CD62L- | Freq. of Parent (%)","Lymphocytes/Single Cells/Single Cells/live_car/CD8/Q3: CD45RO+ , CD62L- | Freq. of Parent (%)","Lymphocytes/Single Cells/Single Cells/live_car/CD8/Q2: CD45RO+ , CD62L+ | Freq. of Parent (%)","Lymphocytes/Single Cells/Single Cells/live_car/CD8/Q1: CD45RO- , CD62L+ | Freq. of Parent (%)",Lymphocytes/Single Cells/Single Cells/live_car/CD8/IL2- | Freq. of Parent (%),Lymphocytes/Single Cells/Single Cells/live_car/CD8/IL2+ | Freq. of Parent (%),Lymphocytes/Single Cells/Single Cells/live_car/CD8/IFNg- | Freq. of Parent (%),Lymphocytes/Single Cells/Single Cells/live_car/CD8/IFNg+ | Freq. of Parent (%),"Lymphocytes/Single Cells/Single Cells/live_car/CD4/Q10: IFNg+ , TNF-a+/IL2- | Freq. of Grandparent (%)","Lymphocytes/Single Cells/Single Cells/live_car/CD4/Q10: IFNg+ , TNF-a+/IL2+ | Freq. of Grandparent (%)","Lymphocytes/Single Cells/Single Cells/live_car/CD4/Q10: IFNg+ , TNF-a+ | Freq. of Parent (%)","Lymphocytes/Single Cells/Single Cells/live_car/CD4/Q9: IFNg- , TNF-a+ | Freq. of Parent (%)","Lymphocytes/Single Cells/Single Cells/live_car/CD4/Q8: IFNg- , IL2- | Freq. of Parent (%)","Lymphocytes/Single Cells/Single Cells/live_car/CD4/Q7: IFNg+ , IL2- | Freq. of Parent (%)","Lymphocytes/Single Cells/Single Cells/live_car/CD4/Q6: IFNg+ , IL2+ | Freq. of Parent (%)","Lymphocytes/Single Cells/Single Cells/live_car/CD4/Q5: IFNg- , IL2+ | Freq. of Parent (%)","Lymphocytes/Single Cells/Single Cells/live_car/CD4/Q4: CD45RO- , CD62L- | Freq. of Parent (%)",Lymphocytes/Single Cells/Single Cells/live_untr | Freq. of Parent (%),Lymphocytes/Single Cells/Single Cells/live_car | Freq. of Parent (%),Lymphocytes | Count,"Lymphocytes/Single Cells/Single Cells/live_car/CD4/Q3: CD45RO+ , CD62L- | Freq. of Parent (%)","Lymphocytes/Single Cells/Single Cells/live_car/CD4/Q2: CD45RO+ , CD62L+ | Freq. of Parent (%)","Lymphocytes/Single Cells/Single Cells/live_car/CD4/Q1: CD45RO- , CD62L+ | Freq. of Parent (%)",Lymphocytes/Single Cells/Single Cells/live_car/CD4/IL2- | Freq. of Parent (%),Lymphocytes/Single Cells/Single Cells/live_car/CD4/IL2+ | Freq. of Parent (%),Lymphocytes/Single Cells/Single Cells/live_car/CD4/IFNg- | Freq. of Parent (%),"Lymphocytes/Single Cells/Single Cells/live_car/CD3/Q16: IL2- , TNF-a- | Freq. of Parent (%)","Lymphocytes/Single Cells/Single Cells/live_car/CD3/Q15: IL2+ , TNF-a- | Freq. of Parent (%)","Lymphocytes/Single Cells/Single Cells/live_untr/CD8/Q16: IL2- , TNF-a- | Freq. of Parent (%)","Lymphocytes/Single Cells/Single Cells/live_untr/CD8/Q15: IL2+ , TNF-a- | Freq. of Parent (%)","Lymphocytes/Single Cells/Single Cells/live_untr/CD8/Q14: IL2+ , TNF-a+ | Freq. of Parent (%)","Lymphocytes/Single Cells/Single Cells/live_untr/CD8/Q13: IL2- , TNF-a+ | Freq. of Parent (%)","Lymphocytes/Single Cells/Single Cells/live_untr/CD3/Q16: IL2- , TNF-a- | Freq. of Parent (%)","Lymphocytes/Single Cells/Single Cells/live_untr/CD3/Q15: IL2+ , TNF-a- | Freq. of Parent (%)","Lymphocytes/Single Cells/Single Cells/live_untr/CD4/Q16: IL2- , TNF-a- | Freq. of Parent (%)","Lymphocytes/Single Cells/Single Cells/live_untr/CD4/Q15: IL2+ , TNF-a- | Freq. of Parent (%)","Lymphocytes/Single Cells/Single Cells/live_untr/CD4/Q14: IL2+ , TNF-a+ | Freq. of Parent (%)","Lymphocytes/Single Cells/Single Cells/live_untr/CD4/Q13: IL2- , TNF-a+ | Freq. of Parent (%)","Lymphocytes/Single Cells/Single Cells/live_untr/CD3/Q14: IL2+ , TNF-a+ | Freq. of Parent (%)","Lymphocytes/Single Cells/Single Cells/live_untr/CD3/Q13: IL2- , TNF-a+ | Freq. of Parent (%)","Lymphocytes/Single Cells/Single Cells/live_car/CD3/Q14: IL2+ , TNF-a+ | Freq. of Parent (%)","Lymphocytes/Single Cells/Single Cells/live_car/CD3/Q13: IL2- , TNF-a+ | Freq. of Parent (%)","Lymphocytes/Single Cells/Single Cells/live_car/CD8/Q16: IL2- , TNF-a- | Freq. of Parent (%)","Lymphocytes/Single Cells/Single Cells/live_car/CD8/Q15: IL2+ , TNF-a- | Freq. of Parent (%)","Lymphocytes/Single Cells/Single Cells/live_car/CD8/Q14: IL2+ , TNF-a+ | Freq. of Parent (%)","Lymphocytes/Single Cells/Single Cells/live_car/CD8/Q13: IL2- , TNF-a+ | Freq. of Parent (%)","Lymphocytes/Single Cells/Single Cells/live_car/CD4/Q16: IL2- , TNF-a- | Freq. of Parent (%)","Lymphocytes/Single Cells/Single Cells/live_car/CD4/Q15: IL2+ , TNF-a- | Freq. of Parent (%)","Lymphocytes/Single Cells/Single Cells/live_car/CD4/Q14: IL2+ , TNF-a+ | Freq. of Parent (%)","Lymphocytes/Single Cells/Single Cells/live_car/CD4/Q13: IL2- , TNF-a+ | Freq. of Parent (%)",Lymphocytes/Single Cells/Single Cells/live_car/CD4/IFNg+ | Freq. of Parent (%),"Lymphocytes/Single Cells/Single Cells/live_car/CD3/Q9: IFNg- , TNF-a+ | Freq. of Parent (%)","Lymphocytes/Single Cells/Single Cells/live_car/CD3/Q10: IFNg+ , TNF-a+ | Freq. of Parent (%)","Lymphocytes/Single Cells/Single Cells/live_car/CD3/Q10: IFNg+ , TNF-a+/IL2+ | Freq. of Grandparent (%)","Lymphocytes/Single Cells/Single Cells/live_car/CD3/Q10: IFNg+ , TNF-a+/IL2- | Freq. of Grandparent (%)","Lymphocytes/Single Cells/Single Cells/live_car/CD3/Q11: IFNg+ , TNF-a- | Freq. of Parent (%)","Lymphocytes/Single Cells/Single Cells/live_car/CD3/Q12: IFNg- , TNF-a- | Freq. of Parent (%)",Lymphocytes/Single Cells/Single Cells/live_car/CD3/TNF-a+ | Freq. of Parent (%),Lymphocytes/Single Cells/Single Cells/live_car/CD3/TNF-a- | Freq. of Parent (%),
2024.12.13 TCSL250 Cytokines-Plate_001-Group_001-B1 Well_001_Unmixed.fcs,11.4,88.6,98.9,12.3,47.1,32.8,87.7,47.6,46.7,11.6,43.6,95.9,39.4,38.6,10.4,54.0,9.74,2.69,9.23,78.3,61.9,38.1,59.8,5.22,0.45,96.3,3.70,78.3,17.8,1.16,0.27,1.44,2.47,79.9,19.0,0.34,0.75,1.16,0.27,17.2,32.1,31.2,19.5,98.9,1.10,81.5,18.5,96.0,3.97,94.6,1.41,0.54,0.13,0.67,3.36,96.2,1.81,0.34,1.61,15.5,33.7,38.4,12.4,98.1,1.88,98.1,1.88,96.4,3.57,86.9,9.41,0.77,0.13,0.90,2.80,88.5,10.1,0.23,1.10,16.0,33.5,34.9,15.6,98.7,1.30,90.2,9.85,95.9,0.59,1.70,0.73,68.9,31.1,59.6,8.62,6.94,1.89,8.83,22.9,75.8,15.5,2.10,6.62,14.7,34.3,32.7,18.3,91.9,8.10,83.5,16.5,3.82,2.89,6.71,32.9,80.6,4.16,3.14,12.1,6.97,52.5,36.7,6640,41.5,45.0,6.54,85.0,15.0,92.9,60.8,3.29,95.3,0.89,0.34,3.49,95.3,1.10,94.5,1.55,0.60,3.36,0.37,3.27,9.51,26.4,65.3,3.05,5.78,25.9,57.6,3.57,12.2,26.6,7.14,28.7,7.75,2.50,5.24,4.13,59.5,35.3,64.7,
2024.12.13 TCSL250 Cytokines-Plate_001-Group_001-B2 Well_002_Unmixed.fcs,12.9,87.1,99.7,11.4,55.4,27.8,88.6,47.3,46.9,12.5,44.8,96.9,37.4,39.9,10.2,52.8,8.81,2.78,10.6,77.8,55.5,44.5,53.2,5.24,0.50,96.3,3.68,77.6,18.4,0.99,0.19,1.18,2.85,78.7,19.3,0.30,1.67,0.99,0.19,19.1,27.8,30.1,22.9,98.2,1.82,80.9,19.1,95.7,4.29,93.9,1.35,0.75,0.15,0.90,3.84,96.0,2.03,0.23,1.73,15.8,31.4,39.7,13.1,98.2,1.84,97.8,2.18,95.9,4.14,85.7,9.69,0.92,0.15,1.07,3.55,87.5,10.6,0.22,1.75,17.3,30.2,34.7,17.8,98.2,1.82,89.5,10.5,96.9,0.88,1.67,0.78,72.4,27.6,64.2,7.94,7.70,1.43,9.13,18.7,77.1,15.4,1.67,5.80,8.74,37.7,32.8,20.7,93.2,6.83,83.3,16.7,5.73,3.37,9.10,36.8,78.8,6.20,3.77,11.3,11.4,60.9,30.5,10132,41.4,41.3,5.86,85.5,14.5,90.5,59.4,3.21,94.5,1.67,0.57,3.30,94.0,1.56,94.0,1.51,0.53,3.99,0.57,3.84,8.60,28.8,68.9,3.42,4.29,23.4,51.5,3.03,12.2,33.2,9.50,28.5,9.24,2.43,6.81,4.10,58.2,36.8,63.2,
2024.12.13 TCSL250 Cytokines-Plate_001-Group_001-B3 Well_003_Unmixed.fcs,17.2,82.8,99.4,23.2,46.6,34.5,76.8,48.4,45.9,9.78,41.6,97.2,38.9,42.9,8.49,56.2,17.1,6.34,11.5,65.1,45.4,54.6,42.6,4.77,0.97,93.2,6.76,76.7,16.1,2.53,0.18,2.72,4.51,79.6,18.6,0.32,1.52,2.53,0.18,20.3,33.3,27.4,19.0,98.3,1.70,82.1,17.9,90.9,9.12,88.9,1.44,1.44,0.74,2.18,7.51,94.2,2.75,0.92,2.18,13.9,37.4,38.9,9.82,97.1,2.88,96.9,3.06,91.9,8.11,82.8,8.52,2.04,0.52,2.56,6.15,86.9,10.5,0.67,1.91,16.9,35.9,33.4,13.9,97.6,2.37,89.7,10.3,97.2,1.67,1.48,0.68,66.1,33.9,57.5,7.20,9.39,2.33,11.7,23.6,67.7,16.0,2.95,13.3,10.0,36.3,35.6,18.0,84.3,15.7,81.8,18.2,6.59,8.27,14.9,40.8,63.3,7.86,8.77,20.1,7.51,52.7,39.1,10163,47.4,41.1,4.01,71.6,28.4,83.9,49.0,4.50,91.5,1.47,0.55,6.49,90.1,1.46,89.2,1.44,1.88,7.51,1.33,7.08,19.5,27.0,60.3,5.07,11.7,23.0,40.6,4.21,25.3,29.9,16.1,33.3,13.8,5.79,7.97,3.99,48.9,45.9,54.1,
2024.12.13 TCSL250 Cytokines-Plate_001-Group_001-B4 Well_004_Unmixed.fcs,17.4,82.6,99.4,23.0,55.3,24.6,77.0,46.6,48.5,9.94,42.3,97.3,41.1,41.2,7.75,55.0,18.2,5.11,13.3,63.4,42.4,57.6,40.2,4.07,0.82,94.6,5.39,73.5,20.8,1.22,0.26,1.48,4.28,76.5,21.8,0.63,1.07,1.22,0.26,15.9,29.2,33.5,21.3,98.4,1.59,78.3,21.7,94.5,5.47,91.9,2.31,1.08,0.46,1.54,4.27,94.3,3.31,0.58,1.77,13.7,31.9,43.1,11.3,97.7,2.27,96.4,3.58,94.6,5.43,82.6,11.7,1.14,0.33,1.47,4.27,85.3,12.7,0.57,1.45,14.6,30.9,38.4,16.2,98.1,1.93,87.3,12.7,97.3,1.17,1.49,1.21,59.7,40.3,48.6,8.67,12.6,2.00,14.6,28.2,66.1,21.1,2.19,10.6,9.43,39.4,35.0,16.2,87.6,12.4,78.1,21.9,6.09,7.11,13.2,45.4,61.7,7.18,7.26,23.8,6.38,62.2,27.7,10083,42.2,46.1,5.35,69.4,30.6,86.3,45.3,3.61,93.1,1.29,0.59,5.02,93.0,1.45,92.8,1.58,0.92,4.70,0.74,4.84,20.3,30.8,54.8,3.43,10.1,31.7,38.4,3.59,28.1,29.9,13.7,37.9,13.9,4.91,9.01,4.38,43.8,50.2,49.8,
2024.12.13 TCSL250 Cytokines-Plate_001-Group_001-B5 Well_005_Unmixed.fcs,11.7,88.3,99.5,10.5,45.5,34.4,89.5,49.1,45.4,12.0,38.6,96.6,42.9,36.1,8.99,59.4,8.07,2.81,9.65,79.5,65.4,34.6,62.4,4.75,0.81,94.5,5.49,79.1,14.6,1.88,0.26,2.14,4.08,81.7,16.3,0.52,1.46,1.88,0.26,19.9,32.7,28.5,18.9,98.1,1.88,84.0,16.0,92.6,7.40,90.3,2.03,1.16,0.39,1.55,6.14,94.6,3.14,0.53,1.74,16.7,38.5,35.4,9.38,97.9,2.08,96.8,3.24,93.1,6.85,84.6,8.01,1.62,0.32,1.94,5.40,88.4,9.48,0.54,1.60,18.0,36.1,32.2,13.7,98.0,1.97,90.6,9.38,96.6,1.48,1.16,0.91,79.6,20.4,68.4,10.1,5.61,1.38,7.00,14.5,77.5,15.5,1.63,5.37,9.44,31.8,37.3,21.5,93.3,6.67,83.8,16.2,4.28,3.17,7.45,28.6,81.3,5.44,3.49,9.77,8.66,51.1,38.7,9268,39.0,46.3,6.02,87.4,12.6,91.6,66.5,3.47,92.4,1.73,0.47,5.39,91.3,1.57,90.9,1.50,1.02,6.58,0.81,6.34,7.69,22.3,75.8,3.01,4.31,16.8,60.9,3.80,9.72,25.6,8.40,23.1,7.51,2.52,4.98,4.92,64.5,29.3,70.7,
2024.12.13 TCSL250 Cytokines-Plate_001-Group_001-B6 Well_006_Unmixed.fcs,12.0,88.0,99.3,9.91,47.6,36.3,90.1,46.8,47.8,13.4,45.9,97.1,37.5,38.6,10.5,51.4,7.68,2.25,10.6,79.4,59.0,41.0,56.8,4.70,0.74,95.5,4.53,75.9,19.2,1.19,0.091,1.28,3.61,78.0,20.3,0.27,1.46,1.19,0.091,19.7,30.9,29.8,19.6,98.5,1.51,80.3,19.7,94.1,5.94,91.5,2.34,0.94,0.23,1.17,5.00,95.0,3.13,0.37,1.50,15.1,33.5,40.6,10.8,98.3,1.68,96.9,3.13,94.5,5.49,83.5,10.7,1.19,0.18,1.37,4.41,86.3,11.8,0.32,1.51,17.1,32.8,35.2,14.9,98.4,1.62,88.5,11.5,97.1,1.06,1.86,0.86,72.6,27.4,62.7,8.31,8.00,1.06,9.06,19.9,77.5,16.0,1.44,5.06,12.3,37.2,29.7,20.8,93.8,6.19,83.4,16.6,4.52,2.79,7.31,34.9,81.3,5.52,2.90,10.3,8.53,52.6,40.1,9604,39.6,44.5,7.42,87.2,12.8,92.4,62.2,2.22,93.8,1.51,0.41,4.25,93.0,1.37,92.6,1.31,0.79,5.33,0.65,5.00,8.03,27.5,69.3,2.38,4.31,24.0,56.2,2.18,11.4,30.2,7.59,27.7,8.43,1.99,6.44,4.39,59.4,34.7,65.3,
2024.12.13 TCSL250 Cytokines-Plate_001-Group_001-B7 Well_007_Unmixed.fcs,11.8,88.2,99.4,15.5,47.3,37.0,84.5,47.1,46.4,14.0,44.5,96.5,38.8,35.9,11.4,53.1,12.1,3.69,8.81,75.4,57.3,42.7,55.1,5.79,0.73,92.9,7.14,76.2,16.3,1.36,0.45,1.81,5.69,80.4,17.7,0.54,1.40,1.36,0.45,24.1,27.7,27.2,20.9,98.1,1.90,82.7,17.3,91.0,9.00,89.2,1.38,1.16,0.45,1.60,7.80,95.2,2.54,0.49,1.74,18.8,32.5,35.9,12.8,97.8,2.23,97.3,2.72,91.8,8.24,82.7,8.65,1.37,0.48,1.85,6.76,87.9,10.0,0.54,1.50,21.6,30.7,31.4,16.3,98.0,2.02,90.1,9.93,96.5,1.26,1.66,0.80,66.4,33.6,58.9,5.84,8.00,2.83,10.8,24.4,71.4,13.5,3.19,11.9,12.0,32.3,32.6,23.2,85.7,14.3,83.9,16.1,3.98,3.93,7.92,35.8,78.4,5.04,4.24,12.4,10.9,52.2,40.9,10093,38.5,44.0,6.61,83.9,16.1,91.4,55.9,4.47,91.6,0.99,1.04,6.33,90.4,1.17,89.3,1.51,0.94,8.24,1.02,7.41,11.8,27.8,59.9,5.29,10.2,24.6,53.0,3.83,13.3,29.9,8.57,30.9,9.18,3.37,5.82,3.26,56.6,38.9,61.1,
2024.12.13 TCSL250 Cytokines-Plate_001-Group_001-B8 Well_008_Unmixed.fcs,11.6,88.4,99.3,5.04,48.5,34.9,95.0,47.3,47.0,18.1,47.3,96.8,43.8,29.2,8.93,49.9,4.12,1.11,11.1,83.7,77.1,22.9,74.2,4.99,0.79,95.9,4.08,75.4,20.1,1.20,0.070,1.27,3.17,78.0,21.1,0.28,0.63,1.20,0.070,20.6,26.8,30.4,22.2,99.2,0.77,79.9,20.1,95.0,4.97,92.6,1.89,0.35,0.14,0.49,5.04,95.6,2.03,0.35,2.03,16.3,26.8,41.4,15.5,97.9,2.10,98.2,1.82,95.4,4.58,84.0,10.9,0.79,0.20,0.99,4.13,86.9,11.5,0.38,1.23,18.3,27.3,36.0,18.4,98.6,1.40,89.0,11.0,96.8,1.57,1.98,0.83,78.8,21.2,65.3,12.4,6.41,1.17,7.57,14.7,77.0,18.7,1.26,3.01,11.8,28.9,32.1,27.1,95.8,4.17,80.7,19.3,2.03,0.64,2.67,21.5,90.6,3.59,0.64,5.16,6.63,52.9,38.1,6235,28.8,54.4,10.1,94.5,5.52,96.1,74.8,1.94,95.1,0.63,0.35,3.87,93.9,1.13,92.7,1.89,0.63,4.76,0.61,4.34,3.84,19.4,76.6,1.36,3.59,18.4,73.9,2.49,3.78,19.8,3.87,18.3,5.37,1.06,4.30,6.85,69.5,22.5,77.5,
2024.12.13 TCSL250 Cytokines-Plate_001-Group_001-B9 Well_009_Unmixed.fcs,11.3,88.7,99.8,4.57,58.7,24.6,95.4,49.5,42.6,19.2,47.0,97.0,41.0,29.5,10.3,49.2,3.40,1.25,10.9,84.5,75.5,24.5,71.7,7.50,0.42,95.7,4.33,75.7,19.5,0.95,0.16,1.11,3.69,78.2,20.5,0.16,1.19,0.95,0.16,24.2,22.7,26.2,27.0,98.8,1.15,80.3,19.7,95.8,4.23,93.9,1.71,0.55,0.14,0.68,3.75,95.9,2.01,0.41,1.64,17.8,28.0,39.4,14.8,98.1,1.88,98.0,1.98,95.5,4.51,85.7,9.47,0.71,0.17,0.89,3.95,88.2,10.1,0.28,1.44,20.7,26.2,32.9,20.2,98.5,1.55,90.2,9.78,97.0,1.56,2.99,0.77,78.5,21.5,66.7,10.8,6.95,0.60,7.55,14.9,78.0,17.5,0.94,3.52,11.9,29.3,28.4,30.4,95.8,4.21,82.9,17.1,3.04,1.23,4.27,22.5,90.7,4.27,1.56,3.45,9.02,63.9,26.8,10085,29.5,52.1,9.35,95.5,4.51,94.5,74.2,1.62,94.5,0.95,0.44,4.13,94.0,1.31,94.0,1.67,0.58,3.75,0.54,4.14,3.44,20.8,76.2,1.89,3.00,18.9,72.5,1.48,3.86,22.1,5.50,18.8,6.03,0.93,5.10,6.07,69.1,23.3,76.7,
2024.12.13 TCSL250 Cytokines-Plate_001-Group_001-B10 Well_010_Unmixed.fcs,14.9,85.1,99.6,13.6,45.1,39.1,86.4,49.5,43.3,14.2,39.7,97.3,44.0,32.7,9.13,56.0,10.3,3.49,12.0,74.2,61.1,38.9,57.5,6.44,0.70,94.8,5.17,73.5,21.1,1.77,0.25,2.03,3.40,75.7,22.9,0.41,1.01,1.77,0.25,18.6,25.4,28.9,27.1,98.6,1.37,77.7,22.3,95.1,4.92,92.8,1.95,0.84,0.35,1.20,4.08,95.6,2.66,0.49,1.24,17.3,25.2,41.2,16.2,98.4,1.64,97.2,2.75,94.7,5.26,83.9,10.6,1.35,0.29,1.65,3.93,86.5,11.9,0.43,1.24,17.7,26.0,35.1,21.1,98.4,1.60,88.4,11.6,97.3,2.22,3.62,0.71,74.3,25.7,63.1,10.3,7.73,2.23,9.96,16.7,72.3,17.9,2.49,7.34,11.0,28.9,35.0,25.0,90.4,9.58,80.5,19.5,6.06,3.71,9.77,30.5,75.4,8.05,3.98,12.6,7.46,49.6,43.0,10087,34.6,51.1,6.78,84.1,15.9,88.4,61.6,3.87,93.6,1.06,0.51,4.82,93.4,1.22,93.7,1.29,0.67,4.35,0.65,4.72,10.2,24.3,69.5,4.21,5.94,20.3,56.5,3.75,13.1,26.6,11.6,25.2,9.90,3.23,6.66,5.47,59.5,33.9,66.1,
2024.12.13 TCSL250 Cytokines-Plate_001-Group_001-B11 Well_011_Unmixed.fcs,11.6,88.4,99.5,15.2,43.9,38.8,84.8,52.4,42.3,15.4,40.4,96.8,40.0,33.8,10.8,57.5,12.2,3.25,9.14,75.4,59.3,40.7,56.6,4.84,0.51,95.3,4.70,76.5,18.5,1.11,0.21,1.32,3.75,78.6,19.5,0.37,1.58,1.11,0.21,20.7,27.5,25.8,26.0,98.2,1.80,81.4,18.6,93.1,6.95,91.6,1.28,1.02,0.17,1.19,5.97,95.9,2.30,0.17,1.66,18.4,30.2,36.1,15.3,98.3,1.75,97.7,2.26,94.0,6.02,84.9,8.79,1.11,0.18,1.29,5.05,88.3,9.87,0.25,1.59,19.4,29.3,31.6,19.7,98.3,1.73,90.5,9.46,96.8,1.45,1.69,0.48,76.9,23.1,67.6,8.33,7.14,2.07,9.20,14.9,74.6,15.3,2.38,7.76,12.3,29.1,32.2,26.4,90.2,9.83,83.4,16.6,3.65,3.43,7.08,34.9,76.1,4.88,3.69,15.3,9.63,48.3,42.7,10203,36.8,45.5,8.05,81.3,18.7,92.1,61.5,4.37,93.9,1.21,0.90,4.01,92.5,1.29,91.6,1.41,0.60,6.43,0.71,5.47,11.5,22.7,71.9,4.45,5.89,17.7,54.6,4.31,15.3,25.9,7.87,26.8,8.05,2.92,5.13,4.27,60.9,33.6,66.4,
2024.12.13 TCSL250 Cytokines-Plate_001-Group_001-B12 Well_012_Unmixed.fcs,18.1,81.9,99.5,22.4,50.7,32.3,77.6,47.6,46.0,12.3,41.5,96.8,36.1,41.4,10.2,55.4,16.5,6.21,12.4,64.9,43.3,56.7,40.4,5.77,0.60,94.2,5.76,75.1,18.8,2.33,0.21,2.54,3.56,77.5,21.0,0.47,1.06,2.33,0.21,21.6,24.3,28.7,25.5,98.6,1.36,79.0,21.0,91.1,8.92,89.3,1.55,1.84,0.57,2.41,6.71,94.2,3.27,0.70,1.88,17.5,29.9,38.0,14.6,97.5,2.45,96.4,3.56,92.4,7.64,82.2,9.82,2.17,0.42,2.60,5.37,86.1,11.9,0.56,1.49,19.6,27.6,33.3,19.5,98.1,1.91,88.0,12.0,96.8,1.33,2.48,0.61,66.8,33.2,57.6,8.18,9.21,3.98,13.2,21.1,67.4,16.9,4.57,11.2,12.8,33.9,31.0,22.3,84.9,15.1,79.4,20.6,7.90,6.74,14.6,43.6,63.0,8.84,7.18,21.0,8.34,56.1,35.7,10125,46.2,40.3,5.08,72.5,27.5,84.1,48.0,4.21,93.4,0.76,0.76,5.08,91.2,1.01,89.7,1.35,1.47,7.53,1.19,6.58,19.2,28.5,61.2,5.08,11.6,22.1,38.8,3.70,25.1,32.4,15.9,34.1,14.4,5.72,8.64,4.21,47.3,47.1,52.9,
2024.12.13 TCSL250 Cytokines-Plate_001-Group_001-C1 Well_013_Unmixed.fcs,13.4,86.6,99.2,10.9,51.0,33.4,89.1,49.4,45.3,13.3,43.4,97.4,38.9,38.0,9.82,54.2,8.36,2.74,11.7,77.2,61.7,38.3,59.0,4.57,0.76,96.3,3.72,75.6,20.3,1.12,0.36,1.48,2.65,76.6,21.2,0.56,1.63,1.12,0.36,19.3,26.4,31.9,22.3,98.2,1.84,79.1,20.9,95.9,4.12,93.1,2.20,0.94,0.19,1.12,3.60,94.8,3.04,0.33,1.82,14.5,29.4,42.1,13.9,98.0,1.96,97.0,3.04,95.9,4.06,84.6,10.7,1.09,0.24,1.33,3.30,86.1,11.7,0.43,1.78,16.6,28.6,37.2,17.5,98.1,1.90,88.5,11.5,97.4,1.24,1.38,1.02,69.6,30.4,58.4,9.59,8.20,1.71,9.91,22.1,74.2,17.5,2.11,6.26,12.1,37.6,28.6,21.7,91.8,8.20,81.6,18.4,5.92,2.80,8.72,31.0,79.9,6.97,3.06,10.0,8.01,55.5,36.4,8487,37.6,47.3,7.03,87.4,12.6,90.8,61.0,3.09,94.4,1.53,0.71,3.37,94.0,1.57,93.9,1.64,0.70,3.79,0.78,3.70,8.57,27.4,65.9,3.09,5.85,25.2,57.7,3.12,10.5,28.6,9.18,27.2,9.50,2.42,7.08,4.84,58.5,35.1,64.9,
2024.12.13 TCSL250 Cytokines-Plate_001-Group_001-C2 Well_014_Unmixed.fcs,16.0,84.0,99.7,11.0,54.9,30.0,89.0,47.8,46.1,12.2,45.4,97.5,40.2,38.8,8.85,52.5,8.18,3.06,13.8,74.9,54.7,45.3,51.0,5.02,1.09,95.9,4.09,73.9,21.5,1.14,0.16,1.30,3.27,76.2,22.5,0.28,0.98,1.14,0.16,18.8,27.6,31.6,22.0,98.9,1.06,78.1,21.9,94.7,5.31,91.5,2.73,1.06,0.34,1.40,4.40,94.4,3.49,0.64,1.48,14.8,31.8,40.1,13.3,98.1,1.90,96.5,3.53,94.9,5.06,82.7,11.7,1.25,0.33,1.58,4.00,85.5,12.8,0.52,1.23,16.7,30.4,35.9,17.0,98.5,1.53,87.5,12.5,97.5,2.15,1.06,1.09,71.6,28.4,59.6,10.5,9.58,1.83,11.4,18.5,72.6,19.5,2.41,5.48,8.77,36.5,35.0,19.7,92.9,7.09,79.2,20.8,6.83,3.04,9.87,36.9,77.3,8.60,3.42,10.7,8.86,60.0,32.8,10046,41.1,44.3,5.69,86.3,13.7,88.6,58.5,2.96,94.8,0.87,0.47,3.89,93.5,1.25,92.8,1.71,0.80,4.70,0.74,4.56,8.82,29.7,67.5,3.22,5.26,24.0,51.2,2.85,11.8,34.2,11.4,28.4,10.8,2.59,8.22,6.05,54.7,37.7,62.3,
2024.12.13 TCSL250 Cytokines-Plate_001-Group_001-C3 Well_015_Unmixed.fcs,17.3,82.7,99.6,24.7,49.5,33.9,75.3,49.5,44.9,10.4,39.2,97.5,41.7,39.6,8.29,58.5,17.9,7.15,11.5,63.5,47.4,52.6,44.0,4.61,1.00,94.7,5.33,74.8,19.5,1.38,0.36,1.73,3.91,77.5,20.9,0.40,1.24,1.38,0.36,18.7,30.8,28.9,21.6,98.4,1.60,79.6,20.4,92.0,8.03,89.4,2.02,1.69,0.65,2.34,6.25,93.2,3.51,0.89,2.38,15.4,33.3,40.1,11.1,96.8,3.23,96.1,3.91,93.0,6.98,82.3,10.2,1.70,0.51,2.21,5.24,85.7,11.7,0.70,1.90,17.0,32.7,34.4,15.8,97.4,2.56,88.2,11.8,97.5,1.64,1.22,1.02,66.2,33.8,57.5,7.43,9.00,2.97,12.0,23.1,67.8,15.9,3.57,12.7,9.37,34.1,38.4,18.1,84.1,15.9,82.2,17.8,6.88,8.62,15.5,38.9,60.9,8.12,9.22,21.8,7.82,55.4,37.9,10124,43.1,43.4,5.58,69.6,30.4,83.7,48.3,5.51,93.3,1.24,0.53,4.97,91.2,1.66,89.9,1.94,1.61,6.53,1.13,6.00,20.3,25.9,59.6,5.87,11.2,23.3,41.0,5.33,26.4,27.3,16.3,32.3,14.5,6.53,7.94,4.01,49.2,45.3,54.7,
2024.12.13 TCSL250 Cytokines-Plate_001-Group_001-C4 Well_016_Unmixed.fcs,20.3,79.7,99.2,24.0,59.1,24.8,76.0,46.1,48.0,10.3,42.8,97.9,42.0,39.9,7.85,53.8,17.8,6.69,14.6,60.9,42.7,57.3,39.5,4.80,1.11,95.8,4.20,72.9,22.3,1.54,0.28,1.82,3.01,74.9,23.7,0.42,0.91,1.54,0.28,15.2,30.5,31.2,23.2,98.8,1.19,76.8,23.2,94.8,5.24,91.4,2.76,1.27,0.36,1.64,4.18,94.4,3.82,0.58,1.20,13.1,30.1,43.3,13.5,98.5,1.53,96.0,4.04,95.2,4.85,81.9,12.5,1.42,0.39,1.82,3.75,84.6,13.8,0.58,1.06,14.4,30.7,37.1,17.8,98.6,1.42,86.3,13.7,97.9,1.71,1.80,1.60,56.9,43.1,46.2,9.07,13.6,2.71,16.3,28.5,64.1,22.0,3.46,10.5,8.32,36.3,38.7,16.7,86.5,13.5,75.6,24.4,6.98,8.76,15.7,43.1,58.5,8.39,9.13,24.0,7.35,65.4,27.5,10085,42.6,44.8,5.27,67.8,32.2,83.4,43.4,4.27,94.5,0.91,0.56,3.99,93.9,0.94,93.5,0.98,1.02,4.47,0.89,4.30,21.0,31.3,52.6,3.36,11.3,32.7,36.5,5.35,28.7,29.5,16.6,36.8,16.2,6.00,10.2,5.03,42.0,51.3,48.7,
2024.12.13 TCSL250 Cytokines-Plate_001-Group_001-C5 Well_017_Unmixed.fcs,11.6,88.4,99.3,9.54,48.0,36.2,90.5,44.5,49.2,12.7,41.1,96.8,44.6,33.3,9.47,56.3,7.33,2.42,9.88,80.4,65.3,34.7,62.2,5.36,0.92,94.4,5.60,77.3,16.8,1.87,0.26,2.13,3.84,79.8,18.4,0.57,1.24,1.87,0.26,20.2,31.6,29.8,18.5,98.5,1.50,81.8,18.2,92.0,7.97,89.6,1.89,1.43,0.29,1.72,6.77,93.8,3.10,0.52,2.58,17.1,31.7,40.1,11.1,97.1,2.92,96.6,3.38,93.0,7.02,83.1,9.47,1.90,0.34,2.24,5.22,86.3,11.2,0.58,1.93,18.7,32.2,34.5,14.6,97.7,2.27,88.8,11.2,96.8,1.62,1.39,1.15,78.7,21.3,68.9,8.48,4.77,1.81,6.58,16.0,79.8,13.1,1.98,5.19,11.1,29.5,39.0,20.3,93.3,6.67,85.9,14.1,5.11,2.58,7.69,28.5,81.9,6.67,2.64,8.77,8.47,52.7,39.8,8168,35.3,48.7,7.57,88.8,11.2,91.2,66.8,2.66,92.6,1.50,0.52,5.34,90.9,1.82,89.6,2.18,1.15,7.11,0.90,6.38,7.70,22.8,75.0,2.88,5.02,17.1,62.0,2.52,9.37,26.1,8.83,23.5,7.63,2.28,5.35,4.63,64.2,29.7,70.3,
2024.12.13 TCSL250 Cytokines-Plate_001-Group_001-C6 Well_018_Unmixed.fcs,13.0,87.0,99.2,10.1,47.4,36.7,89.9,45.7,48.6,13.9,49.1,96.8,36.4,38.3,11.4,48.0,7.47,2.70,11.4,78.4,57.2,42.8,54.8,4.86,0.83,95.5,4.48,76.8,18.2,1.21,0.18,1.39,3.59,79.3,19.3,0.36,0.99,1.21,0.18,19.3,30.9,29.1,20.8,98.7,1.26,81.3,18.7,93.4,6.63,91.0,1.43,0.86,0.38,1.24,6.30,95.0,2.05,0.72,2.19,16.3,33.9,38.0,11.7,97.3,2.72,97.8,2.24,94.2,5.77,83.5,10.0,1.19,0.34,1.53,4.95,86.7,11.0,0.59,1.67,17.7,32.6,33.4,16.2,97.9,2.09,89.2,10.8,96.8,0.88,1.89,0.99,69.7,30.3,60.3,8.50,8.73,1.09,9.82,21.4,76.2,16.7,1.66,5.40,12.3,34.4,32.3,21.0,93.3,6.66,82.8,17.2,4.87,3.52,8.39,35.9,81.3,5.58,3.70,9.45,10.4,52.4,40.5,9668,41.8,40.7,7.16,87.2,12.8,91.5,60.1,2.50,94.1,1.12,0.45,4.30,92.4,1.49,91.1,1.91,1.19,5.82,0.97,5.16,7.99,29.4,66.8,2.64,4.65,25.9,54.3,2.35,11.1,32.3,8.45,28.8,9.35,2.33,7.02,4.75,57.1,36.8,63.2,
2024.12.13 TCSL250 Cytokines-Plate_001-Group_001-C7 Well_019_Unmixed.fcs,13.4,86.6,99.4,17.2,46.4,39.1,82.8,48.0,46.3,14.2,44.0,97.5,42.2,34.1,9.54,53.3,13.6,3.82,10.5,72.1,57.7,42.3,54.9,4.81,0.85,93.9,6.07,76.7,16.6,1.66,0.32,1.98,4.74,80.2,18.3,0.32,1.15,1.66,0.32,21.7,27.1,28.5,22.7,98.7,1.29,82.0,18.0,92.3,7.67,90.5,1.51,0.84,0.31,1.15,6.83,95.3,2.35,0.31,2.04,17.1,31.8,37.5,13.6,97.7,2.31,97.7,2.26,92.9,7.08,83.5,8.80,1.40,0.42,1.81,5.86,87.7,10.2,0.44,1.66,19.4,30.0,32.9,17.7,98.0,1.97,89.9,10.1,97.5,1.19,1.75,0.94,66.0,34.0,57.0,7.83,8.23,2.88,11.1,24.1,68.6,15.8,3.28,12.4,10.9,32.1,34.9,22.0,84.7,15.3,82.3,17.7,4.80,3.99,8.80,35.1,75.3,5.99,4.09,14.6,8.42,50.9,42.8,10106,35.5,48.2,7.89,81.8,18.2,90.5,55.0,5.05,92.9,0.74,0.87,5.48,91.4,1.20,90.6,1.55,0.98,6.87,1.07,6.29,13.0,26.9,59.3,6.04,10.2,24.5,52.5,4.28,15.0,28.2,9.51,30.4,10.1,3.60,6.53,4.13,55.3,39.1,60.9,
2024.12.13 TCSL250 Cytokines-Plate_001-Group_001-C8 Well_020_Unmixed.fcs,12.5,87.5,99.4,5.11,52.4,31.9,94.9,47.4,47.1,19.6,48.2,97.1,42.0,28.0,10.5,48.3,3.73,1.53,12.0,82.8,77.4,22.6,74.6,5.01,0.46,95.9,4.07,75.3,20.1,1.18,0.13,1.31,3.21,77.6,21.0,0.46,0.85,1.18,0.13,21.7,25.9,27.0,25.4,98.9,1.11,79.3,20.7,95.4,4.57,92.4,2.41,0.59,0.20,0.78,4.37,95.2,2.87,0.33,1.57,15.5,32.8,39.0,12.7,98.3,1.70,97.5,2.48,95.4,4.55,83.9,11.0,0.99,0.16,1.15,3.89,86.5,11.8,0.38,1.31,18.6,30.0,32.5,18.8,98.5,1.50,88.5,11.5,97.1,1.47,2.49,0.96,78.8,21.2,63.9,13.5,6.11,1.58,7.69,15.0,75.3,19.3,1.90,3.48,12.0,28.2,30.3,29.4,94.9,5.06,79.9,20.1,2.52,0.74,3.26,20.7,91.1,3.99,0.84,4.10,8.82,56.8,34.6,6176,27.0,53.2,11.0,95.5,4.52,95.9,74.7,2.40,94.7,0.98,0.72,3.61,94.0,1.21,93.8,1.37,0.65,4.17,0.73,4.08,3.42,19.5,75.6,2.85,3.27,18.3,74.4,2.10,3.26,20.3,4.10,17.7,6.03,1.33,4.70,7.41,68.8,22.2,77.8,
2024.12.13 TCSL250 Cytokines-Plate_001-Group_001-C9 Well_021_Unmixed.fcs,12.8,87.2,99.5,4.92,59.6,25.7,95.1,48.2,44.3,22.4,50.0,97.6,40.5,27.5,9.57,47.0,3.57,1.51,12.2,82.7,77.1,22.9,72.8,6.73,0.70,95.0,4.96,73.6,21.1,1.47,0.23,1.69,3.61,76.3,22.6,0.30,0.83,1.47,0.23,20.5,24.8,28.3,26.5,98.9,1.09,78.2,21.8,95.9,4.11,93.3,2.00,0.79,0.17,0.97,3.70,95.7,2.66,0.31,1.31,17.8,29.1,37.7,15.3,98.6,1.42,97.4,2.63,95.2,4.80,83.9,10.8,1.21,0.20,1.42,3.86,86.7,12.0,0.31,1.04,19.3,27.4,32.9,20.4,98.8,1.23,88.5,11.5,97.6,2.38,2.58,0.42,79.0,21.0,65.1,12.9,6.01,1.31,7.32,14.7,75.9,18.6,1.70,3.86,12.9,27.1,28.6,31.5,94.8,5.17,81.0,19.0,3.29,1.07,4.35,20.5,90.0,5.34,1.40,3.29,6.41,64.3,27.8,10068,27.3,53.2,13.1,95.8,4.19,93.8,75.0,1.90,93.9,0.94,0.38,4.74,93.9,1.02,94.4,1.17,0.59,3.80,0.50,4.54,3.76,19.3,76.1,2.24,3.62,18.0,74.3,1.56,3.86,20.3,6.16,17.6,6.05,1.16,4.88,7.64,68.7,22.1,77.9,
2024.12.13 TCSL250 Cytokines-Plate_001-Group_001-C10 Well_022_Unmixed.fcs,13.9,86.1,99.4,13.5,48.3,37.3,86.5,50.0,44.7,14.8,41.2,97.3,45.1,32.4,7.69,55.9,10.5,3.46,11.2,74.8,63.7,36.3,60.5,4.52,0.72,95.0,5.03,73.4,21.3,1.60,0.59,2.19,3.15,75.5,22.7,0.87,0.91,1.60,0.59,19.3,25.0,30.0,25.6,98.5,1.51,77.2,22.8,95.1,4.86,92.9,1.76,0.98,0.25,1.23,4.17,95.7,2.70,0.29,1.35,16.9,27.1,39.5,16.5,98.5,1.47,97.5,2.49,94.9,5.13,83.5,10.9,1.32,0.42,1.74,3.80,86.2,12.2,0.55,1.13,17.6,26.6,35.3,20.5,98.5,1.47,87.9,12.1,97.3,1.85,1.51,1.40,73.5,26.5,62.8,9.32,7.78,2.19,9.97,17.9,74.1,16.7,2.70,6.50,8.75,28.9,37.4,24.9,91.4,8.55,81.7,18.3,5.21,3.31,8.52,29.1,76.0,6.63,3.74,13.6,6.91,53.0,40.9,10134,34.7,50.5,7.86,83.5,16.5,90.2,62.3,4.23,93.7,1.14,0.82,4.30,93.6,1.13,93.7,1.23,0.65,4.45,0.78,4.52,10.3,23.2,69.4,3.47,6.11,21.0,57.9,4.92,13.0,24.1,9.75,24.4,9.64,2.98,6.66,5.01,60.9,32.7,67.3,
2024.12.13 TCSL250 Cytokines-Plate_001-Group_001-C11 Well_023_Unmixed.fcs,13.9,86.1,99.5,15.2,45.0,40.1,84.8,46.7,47.5,15.7,44.0,96.9,41.5,33.2,9.59,53.2,11.9,3.51,11.3,73.3,56.4,43.6,53.1,5.05,0.79,95.2,4.83,72.7,22.2,1.49,0.51,2.00,3.16,74.4,23.4,0.74,1.44,1.49,0.51,18.8,22.0,30.7,28.5,97.9,2.09,77.1,22.9,93.5,6.52,91.1,2.03,1.23,0.52,1.75,5.15,94.7,3.17,0.66,1.51,18.5,28.2,37.9,15.4,98.0,2.03,96.6,3.40,94.2,5.78,81.7,12.1,1.55,0.50,2.05,4.14,84.3,13.5,0.68,1.50,18.9,25.4,34.1,21.6,98.0,2.05,86.7,13.3,96.9,1.91,1.73,1.14,74.9,25.1,65.4,8.57,7.44,2.14,9.58,16.5,72.8,15.6,2.59,9.02,10.5,29.1,35.3,25.1,88.8,11.2,82.8,17.2,5.41,3.73,9.14,35.9,74.3,6.99,4.10,14.6,8.53,49.3,43.8,10074,36.7,46.2,8.53,81.7,18.3,89.6,59.4,4.31,93.6,1.44,1.11,3.86,92.6,1.37,92.0,1.32,1.13,5.58,1.14,4.87,11.9,24.5,69.7,4.62,7.55,18.1,51.4,4.10,15.3,29.2,10.4,27.0,9.79,3.09,6.70,4.98,58.2,35.5,64.5,
2024.12.13 TCSL250 Cytokines-Plate_001-Group_001-C12 Well_024_Unmixed.fcs,19.0,81.0,99.4,20.9,49.6,33.0,79.1,46.3,47.2,13.7,44.2,96.8,35.8,39.1,11.4,53.6,14.9,6.25,13.6,65.2,44.0,56.0,40.2,5.86,0.64,94.3,5.68,75.5,18.4,1.89,0.38,2.27,3.87,78.2,20.2,0.46,1.09,1.89,0.38,22.5,24.4,28.3,24.8,98.6,1.39,80.1,19.9,90.6,9.36,87.5,2.23,1.59,0.47,2.06,8.16,93.6,3.82,0.56,2.06,20.7,29.4,34.3,15.6,97.6,2.36,95.9,4.08,92.2,7.76,81.2,10.3,1.81,0.41,2.22,6.24,85.8,12.0,0.55,1.62,21.4,27.8,30.9,19.8,98.0,1.95,88.0,12.0,96.8,2.00,1.52,0.66,68.8,31.2,59.1,8.38,9.59,3.78,13.4,19.2,68.7,17.6,4.19,9.46,13.9,31.4,31.4,23.3,86.7,13.3,79.3,20.7,8.46,7.35,15.8,42.0,62.6,10.1,7.80,19.5,9.41,54.8,36.5,10138,45.2,39.4,6.01,73.3,26.7,82.9,49.1,4.96,93.1,1.01,0.72,5.13,90.6,1.29,88.7,1.55,1.55,8.25,1.21,6.88,17.1,28.8,62.9,5.14,9.39,22.6,38.1,4.79,23.4,33.7,17.1,31.6,15.0,5.80,9.16,4.87,48.6,45.0,55.0,
2024.12.13 TCSL250 Cytokines-Plate_001-Group_001-D1 Well_025_Unmixed.fcs,15.3,84.7,99.2,12.4,49.8,34.3,87.6,46.8,47.0,14.8,45.2,97.6,37.2,36.3,11.7,51.6,9.64,3.13,12.7,74.5,56.6,43.4,53.4,5.21,0.95,94.8,5.17,73.1,20.7,1.48,0.37,1.85,4.31,75.8,21.8,0.80,1.54,1.48,0.37,20.5,28.1,29.8,21.5,97.9,2.09,78.3,21.7,95.7,4.26,92.3,2.72,0.99,0.25,1.23,3.77,93.8,3.58,0.43,2.22,14.1,32.0,40.8,13.0,97.8,2.16,96.5,3.46,94.9,5.07,82.5,11.5,1.39,0.33,1.72,4.21,84.8,12.7,0.62,1.90,17.6,30.4,35.2,16.8,97.9,2.10,87.5,12.5,97.6,1.30,1.47,1.72,68.9,31.1,58.1,9.19,9.84,1.76,11.6,21.1,73.3,18.8,2.14,5.85,14.7,33.7,28.0,23.6,92.6,7.43,79.6,20.4,5.94,2.85,8.79,36.5,76.8,7.08,3.01,13.1,9.11,53.8,37.0,6944,38.8,44.3,7.73,84.7,15.3,90.5,57.5,3.21,92.6,1.72,1.11,4.62,92.6,1.93,93.3,2.16,0.99,3.58,1.13,4.36,10.4,28.9,65.1,2.97,5.76,26.2,52.1,3.50,13.3,31.1,9.52,29.3,10.8,2.88,7.95,4.99,54.9,38.4,61.6,
2024.12.13 TCSL250 Cytokines-Plate_001-Group_001-D2 Well_026_Unmixed.fcs,14.0,86.0,99.0,13.3,54.4,30.2,86.7,46.4,47.0,12.6,46.5,96.7,39.6,38.9,8.92,50.3,9.42,4.13,10.7,75.8,56.1,43.9,53.4,5.90,0.71,96.0,3.98,78.4,17.2,1.29,0.27,1.56,2.89,80.0,18.5,0.31,1.17,1.29,0.27,16.5,26.5,31.4,25.7,98.8,1.25,82.1,17.9,94.9,5.10,92.2,1.98,0.71,0.16,0.87,4.98,95.5,2.45,0.40,1.66,16.4,29.2,39.7,14.6,98.3,1.70,97.3,2.69,95.2,4.76,85.2,9.44,1.12,0.23,1.35,4.06,87.7,10.5,0.36,1.46,16.4,28.6,35.4,19.6,98.5,1.52,89.7,10.3,96.7,0.98,2.21,1.05,72.3,27.7,64.0,7.30,7.94,2.70,10.6,18.0,75.6,14.7,3.33,6.38,9.29,36.2,34.8,19.7,90.7,9.29,83.0,17.0,6.03,4.52,10.6,35.0,76.3,6.89,4.72,12.1,8.98,59.0,32.8,10037,41.2,43.3,6.49,83.7,16.3,89.0,60.3,2.96,94.7,1.05,0.62,3.67,93.6,1.25,93.0,1.50,0.83,4.66,0.80,4.32,11.0,25.8,68.7,3.26,6.88,21.1,52.5,2.75,14.5,30.2,11.0,26.9,10.7,3.70,6.96,4.09,58.4,36.2,63.8,
2024.12.13 TCSL250 Cytokines-Plate_001-Group_001-D3 Well_027_Unmixed.fcs,19.2,80.8,99.3,24.2,48.4,35.5,75.8,43.8,50.2,11.9,41.3,98.1,40.2,39.7,8.21,55.7,17.3,7.53,12.8,62.4,44.9,55.1,40.7,5.09,0.99,94.5,5.52,75.1,18.5,2.45,0.21,2.65,3.75,77.8,20.8,0.42,0.99,2.45,0.21,19.0,29.1,29.9,22.0,98.8,1.25,79.8,20.2,90.2,9.78,87.4,2.15,2.27,1.31,3.58,6.86,91.6,4.29,1.49,2.62,13.7,31.9,42.7,11.7,96.3,3.70,94.8,5.25,92.0,8.03,80.4,10.7,2.63,0.85,3.48,5.43,84.0,13.2,1.06,1.81,16.8,30.9,35.6,16.7,97.4,2.55,86.5,13.5,98.1,2.17,1.53,1.50,62.6,37.4,53.9,6.90,9.84,3.62,13.5,25.7,67.7,16.1,4.31,11.8,9.84,33.6,34.9,21.6,84.7,15.3,80.2,19.8,8.18,8.88,17.1,40.1,58.8,9.90,9.46,21.9,7.16,53.6,39.3,7912,44.2,43.6,5.05,69.9,30.1,82.1,46.4,4.84,93.0,0.99,0.68,5.36,90.1,1.44,88.0,1.91,2.62,7.45,1.84,6.62,20.9,27.9,57.3,4.49,12.1,26.1,38.6,5.30,27.3,28.8,17.9,33.8,16.0,6.89,9.15,4.16,46.0,47.8,52.2,
2024.12.13 TCSL250 Cytokines-Plate_001-Group_001-D4 Well_028_Unmixed.fcs,22.2,77.8,99.4,25.7,57.4,26.9,74.3,45.9,48.5,9.86,43.8,97.7,40.5,41.7,7.89,52.5,17.7,8.59,14.8,58.9,40.9,59.1,36.4,4.74,0.81,95.5,4.50,72.4,22.0,2.25,0.25,2.50,3.07,74.6,24.0,0.61,0.78,2.25,0.25,16.4,27.8,32.3,23.5,98.9,1.11,76.5,23.5,94.0,6.03,90.0,3.01,1.47,0.49,1.96,5.05,93.4,4.48,0.49,1.58,11.8,29.4,44.4,14.4,98.1,1.88,95.5,4.52,94.6,5.39,80.9,12.6,1.91,0.41,2.32,4.16,83.8,14.3,0.66,1.26,14.4,28.8,38.0,18.8,98.4,1.63,85.8,14.2,97.7,2.33,1.81,1.92,56.1,43.9,47.4,7.77,13.1,4.05,17.1,27.7,62.7,20.3,4.73,12.3,8.61,38.4,36.3,16.6,83.9,16.1,76.3,23.7,7.54,10.7,18.3,43.0,56.9,9.30,11.3,22.4,7.54,63.5,29.7,10064,44.0,43.6,4.86,67.1,32.9,80.5,41.4,4.76,94.1,0.93,0.75,4.21,93.1,1.01,92.5,0.98,1.39,5.16,1.19,4.75,22.2,31.6,51.0,4.48,13.3,31.2,34.5,5.21,29.3,31.0,19.5,35.9,18.6,7.92,10.7,4.69,40.8,52.9,47.1,
2024.12.13 TCSL250 Cytokines-Plate_001-Group_001-D5 Well_029_Unmixed.fcs,15.5,84.5,99.3,11.3,46.6,36.5,88.7,46.4,48.1,15.0,40.9,97.2,45.7,30.8,8.45,55.5,7.87,3.65,13.1,75.3,59.9,40.1,55.8,4.46,0.99,93.8,6.17,76.7,16.4,2.25,0.56,2.81,4.12,80.0,18.5,0.75,0.75,2.25,0.56,20.6,30.6,29.4,19.5,98.7,1.31,81.6,18.4,92.8,7.17,88.8,3.20,1.16,0.58,1.74,6.30,92.2,3.88,1.07,2.81,13.9,30.8,42.2,13.1,96.8,3.20,95.7,4.26,93.1,6.90,82.4,9.82,1.71,0.56,2.27,5.51,86.1,11.3,0.88,1.81,17.5,30.9,35.6,16.0,97.7,2.27,88.7,11.3,97.2,1.76,1.67,1.95,78.1,21.9,63.8,12.2,7.30,2.25,9.55,14.5,72.9,18.7,3.23,5.20,10.1,28.7,36.1,25.1,92.3,7.72,79.6,20.4,6.31,3.31,9.63,32.8,78.4,8.07,3.52,10.0,7.14,51.2,40.1,4766,32.2,52.4,8.28,86.9,13.1,89.4,62.9,3.01,92.5,0.84,0.94,5.71,91.0,1.76,89.9,2.71,1.65,5.72,1.30,5.97,9.14,24.9,73.7,2.95,6.04,17.3,55.5,3.11,10.9,30.5,10.6,24.6,10.4,3.12,7.29,6.19,58.8,32.8,67.2,
2024.12.13 TCSL250 Cytokines-Plate_001-Group_001-D6 Well_030_Unmixed.fcs,13.4,86.6,99.2,12.2,49.3,35.9,87.8,43.6,49.4,14.9,48.7,96.9,36.4,35.4,13.2,48.1,9.15,3.50,10.9,76.5,59.1,40.9,55.6,6.29,0.75,94.5,5.51,77.4,16.2,1.32,0.34,1.66,4.68,80.5,17.6,0.39,1.51,1.32,0.34,23.3,27.7,27.7,21.3,98.3,1.71,82.6,17.4,93.4,6.57,90.7,2.15,0.83,0.22,1.05,6.13,94.3,2.82,0.39,2.49,15.0,30.1,40.8,14.1,97.2,2.76,97.1,2.87,93.7,6.26,83.6,9.35,1.19,0.37,1.57,5.47,87.1,10.5,0.47,1.89,19.7,29.5,33.5,17.4,97.8,2.21,89.5,10.5,96.9,1.58,2.11,1.12,69.9,30.1,60.3,8.49,7.13,1.90,9.03,22.2,75.5,15.4,2.24,6.86,14.7,34.3,28.5,22.5,91.7,8.28,83.6,16.4,4.95,4.26,9.20,33.7,77.6,6.25,4.60,11.5,11.9,53.7,39.2,8428,36.0,44.4,7.69,84.6,15.4,89.8,60.7,2.70,92.5,1.51,0.83,5.12,91.5,1.81,90.8,2.32,1.22,5.69,1.07,5.59,10.5,26.1,67.1,2.17,7.47,23.3,54.6,3.43,13.3,28.6,10.2,28.1,9.25,3.10,6.16,5.03,57.6,35.7,64.3,
2024.12.13 TCSL250 Cytokines-Plate_001-Group_001-D7 Well_031_Unmixed.fcs,13.7,86.3,99.5,17.2,48.5,37.4,82.8,45.2,47.8,16.1,44.9,96.5,38.3,34.1,11.6,52.1,13.6,3.75,10.6,72.0,57.2,42.8,53.5,6.38,0.67,93.3,6.66,76.3,16.3,1.75,0.38,2.13,5.33,80.2,17.7,0.68,1.45,1.75,0.38,22.5,29.0,26.4,22.1,98.1,1.92,82.6,17.4,90.8,9.20,88.5,1.44,1.71,0.36,2.07,7.94,94.6,3.02,0.50,1.89,19.9,31.8,34.0,14.2,97.8,2.21,97.0,2.98,91.8,8.21,82.2,8.74,1.84,0.40,2.24,6.84,87.3,10.4,0.59,1.71,21.5,31.0,29.7,17.8,97.9,2.09,89.8,10.2,96.5,1.57,1.83,1.14,68.0,32.0,59.1,7.48,6.84,2.18,9.02,24.4,71.4,14.1,2.47,12.1,13.1,28.6,32.2,26.0,85.8,14.2,84.3,15.7,5.84,4.27,10.1,34.8,73.5,7.36,4.42,14.7,9.95,52.7,40.6,10114,38.1,43.8,8.13,81.2,18.8,88.8,55.7,4.84,91.5,1.41,1.02,6.10,90.0,1.44,89.0,1.58,1.22,8.21,1.20,7.39,13.3,26.1,61.8,5.54,9.90,22.8,52.1,4.16,15.6,28.1,11.2,30.2,10.1,3.54,6.55,4.20,55.5,38.5,61.5,
2024.12.13 TCSL250 Cytokines-Plate_001-Group_001-D8 Well_032_Unmixed.fcs,17.1,82.9,99.3,7.87,48.0,33.9,92.1,47.2,45.9,18.0,46.4,97.2,43.9,28.7,9.32,49.1,4.90,3.34,15.7,76.0,72.0,28.0,66.0,5.66,1.32,94.4,5.59,71.9,21.3,1.40,0.58,1.97,4.85,74.8,22.3,1.07,1.81,1.40,0.58,22.7,29.2,25.7,22.4,97.5,2.47,77.9,22.1,93.6,6.39,88.4,3.52,1.60,0.48,2.08,6.00,91.5,5.20,0.64,2.64,17.2,32.9,38.0,12.0,97.4,2.64,95.3,4.72,93.5,6.52,79.8,12.2,1.75,0.66,2.41,5.59,83.1,13.7,1.01,2.17,20.5,31.2,31.7,16.6,97.3,2.68,86.5,13.5,97.2,3.49,2.30,2.25,77.6,22.4,59.3,15.8,7.15,1.38,8.54,16.4,72.1,22.6,1.85,3.46,10.6,29.6,34.7,25.0,95.5,4.50,77.6,22.4,5.23,2.94,8.18,22.4,81.8,8.72,3.05,6.43,8.29,52.5,37.0,5521,27.0,52.5,12.2,91.6,8.40,90.1,69.4,2.59,91.6,1.89,1.73,4.77,91.0,1.79,91.0,1.92,1.84,5.20,2.02,5.24,7.17,20.9,74.2,2.42,4.15,19.3,67.7,2.62,8.51,21.2,9.92,19.6,9.64,3.02,6.63,9.27,61.5,26.6,73.4,
2024.12.13 TCSL250 Cytokines-Plate_001-Group_001-D9 Well_033_Unmixed.fcs,14.1,85.9,99.4,5.40,58.5,25.9,94.6,48.3,44.0,21.0,47.9,97.3,41.9,27.1,9.96,47.0,3.83,1.76,13.7,80.7,76.7,23.3,72.6,6.93,0.83,96.2,3.83,73.9,21.7,0.96,0.19,1.15,3.26,76.2,22.5,0.42,0.88,0.96,0.19,22.9,23.1,27.8,26.1,98.9,1.07,78.1,21.9,95.8,4.19,92.8,2.27,0.91,0.42,1.33,3.56,95.1,3.18,0.45,1.22,16.5,27.6,39.4,16.5,98.6,1.43,96.9,3.14,95.6,4.35,83.9,11.1,1.16,0.38,1.54,3.50,86.3,12.2,0.52,1.02,19.7,25.7,33.7,20.8,98.7,1.28,88.0,12.0,97.3,2.43,3.43,1.64,78.6,21.4,63.8,12.6,8.35,1.19,9.54,14.0,74.0,20.5,1.75,3.74,13.4,25.6,28.6,32.4,94.8,5.17,79.7,20.3,3.97,1.05,5.02,19.9,88.7,6.08,1.38,3.89,6.56,63.4,28.0,10140,27.9,55.2,10.4,95.1,4.94,93.3,73.9,1.84,95.0,1.04,0.42,3.57,94.3,0.99,94.2,1.05,0.77,3.95,0.71,3.97,4.52,19.8,75.1,2.15,3.97,18.8,74.2,1.70,4.29,19.8,6.73,17.2,7.93,1.26,6.67,7.47,67.4,23.3,76.7,
2024.12.13 TCSL250 Cytokines-Plate_001-Group_001-D10 Well_034_Unmixed.fcs,15.7,84.3,99.5,14.6,46.6,39.2,85.4,50.2,42.8,16.4,38.8,97.4,43.7,31.4,8.49,56.1,10.6,4.27,12.8,72.3,58.0,42.0,53.8,6.23,0.77,95.0,4.97,72.1,22.5,1.74,0.099,1.84,3.58,74.3,24.2,0.30,1.24,1.74,0.099,19.4,22.1,30.4,28.0,98.6,1.39,76.9,23.1,94.7,5.30,90.6,3.22,1.14,0.21,1.36,4.79,93.7,3.98,0.59,1.69,16.1,24.7,42.4,16.7,98.1,1.86,95.7,4.28,94.6,5.44,82.0,11.8,1.53,0.24,1.77,4.41,85.0,13.0,0.55,1.44,18.1,23.8,36.5,21.7,98.3,1.68,87.2,12.8,97.4,2.66,3.87,1.21,72.8,27.2,61.9,9.32,8.99,3.39,12.4,16.4,71.8,18.0,3.91,6.32,10.6,28.8,34.4,26.3,90.4,9.64,79.5,20.5,6.94,3.79,10.7,32.9,73.1,9.10,4.28,13.6,6.89,51.1,43.0,10083,32.9,50.2,9.91,82.7,17.3,88.0,59.4,3.43,93.6,1.24,0.60,4.57,92.9,1.35,92.8,1.53,0.93,4.70,0.85,4.92,12.0,25.1,69.0,3.32,7.43,20.3,53.5,3.61,14.9,28.0,12.0,26.3,11.7,3.76,7.95,5.28,56.7,36.4,63.6,
2024.12.13 TCSL250 Cytokines-Plate_001-Group_001-D11 Well_035_Unmixed.fcs,14.0,86.0,99.6,16.3,44.6,40.0,83.7,51.6,42.0,15.8,37.9,97.1,41.3,32.1,10.7,58.7,12.3,4.34,10.8,72.6,54.6,45.4,51.3,5.93,0.46,95.3,4.68,74.6,20.0,1.05,0.26,1.32,4.05,77.1,20.9,0.42,1.53,1.05,0.26,23.2,25.5,25.5,25.8,98.3,1.74,79.9,20.1,94.0,5.96,91.0,2.44,1.59,0.81,2.40,4.20,93.5,4.03,0.81,1.63,18.3,26.6,38.8,16.4,97.7,2.27,95.9,4.11,94.5,5.54,83.7,10.0,1.37,0.62,1.98,4.26,86.3,11.3,0.71,1.69,20.5,26.5,32.5,20.5,97.8,2.19,88.9,11.1,97.1,1.64,2.59,0.86,72.5,27.5,62.1,8.86,7.43,2.48,9.90,19.2,73.0,15.8,3.06,8.14,12.3,27.0,32.3,28.3,89.4,10.6,82.4,17.6,6.14,4.38,10.5,36.5,72.6,7.24,4.97,15.2,9.85,48.9,43.8,10131,34.7,47.1,8.29,80.9,19.1,88.8,56.2,4.07,93.5,1.32,0.95,4.21,92.8,1.34,92.6,1.24,1.41,4.71,1.30,4.56,13.3,26.4,67.0,4.56,7.23,21.2,50.0,3.87,17.1,29.1,11.2,29.9,10.7,3.74,6.92,4.36,55.1,38.9,61.1,
2024.12.13 TCSL250 Cytokines-Plate_001-Group_001-D12 Well_036_Unmixed.fcs,21.8,78.2,99.5,23.0,50.8,33.1,77.0,46.7,46.8,15.5,41.1,97.5,36.9,36.3,11.3,55.3,15.7,7.79,15.5,61.0,45.6,54.4,41.4,5.84,0.72,93.9,6.12,70.2,23.0,2.21,0.50,2.71,4.12,73.2,24.9,0.96,0.96,2.21,0.50,21.2,22.4,28.5,27.9,98.3,1.75,75.5,24.5,91.9,8.10,88.3,2.59,2.46,0.46,2.92,6.18,92.3,5.01,0.54,2.17,17.2,26.6,39.0,17.2,97.6,2.42,95.1,4.92,92.6,7.41,79.3,12.4,2.44,0.50,2.94,5.35,82.9,14.7,0.78,1.60,19.4,25.4,33.3,21.9,97.8,2.16,85.5,14.5,97.5,2.00,2.07,1.50,65.4,34.6,54.8,8.81,11.9,4.22,16.2,20.2,62.6,20.2,4.95,12.2,14.5,30.1,27.7,27.7,83.6,16.4,76.4,23.6,9.68,8.38,18.1,38.6,61.1,11.2,8.92,18.8,9.14,55.4,36.1,10097,40.8,43.1,6.92,73.3,26.7,81.3,46.9,5.29,92.5,1.25,0.83,5.41,90.8,1.40,89.9,1.50,1.54,7.10,1.22,6.55,19.4,28.4,59.0,5.61,12.5,22.9,39.3,5.30,23.7,31.7,18.7,30.5,18.3,7.19,11.1,4.84,46.3,46.8,53.2,
2024.12.13 TCSL250 Cytokines-Plate_001-Group_001-E1 Well_037_Unmixed.fcs,12.8,87.2,99.6,11.7,50.0,32.5,88.3,47.4,46.5,13.9,43.6,97.3,40.7,35.3,10.0,54.1,9.22,2.68,10.9,77.2,57.9,42.1,54.3,5.13,0.92,94.4,5.57,74.0,19.9,1.67,0.39,2.06,4.04,77.2,21.5,0.53,0.83,1.67,0.39,20.4,27.7,27.7,24.2,98.7,1.27,78.9,21.1,92.0,7.97,89.5,2.15,1.12,0.39,1.51,6.85,94.5,3.15,0.52,1.85,16.5,30.2,39.3,14.0,97.8,2.20,96.9,3.15,93.0,7.01,81.7,10.8,1.55,0.38,1.93,5.60,86.0,12.2,0.52,1.30,18.3,29.5,33.6,18.6,98.4,1.64,88.0,12.0,97.3,1.45,1.26,1.04,75.0,25.0,64.9,8.23,7.36,1.88,9.24,17.6,76.2,15.3,2.45,6.06,10.7,33.0,33.1,23.2,91.8,8.16,83.2,16.8,5.40,2.44,7.84,36.4,78.9,6.62,2.73,11.7,9.59,55.0,35.7,9794,37.7,45.9,6.86,86.1,13.9,91.3,60.9,3.13,93.2,1.01,0.70,5.13,91.6,1.11,90.4,1.38,1.16,7.02,0.99,6.29,9.35,26.6,70.7,3.54,5.70,20.1,53.6,2.85,12.1,31.5,8.66,27.9,8.97,2.27,6.70,4.49,58.7,34.8,65.2,
2024.12.13 TCSL250 Cytokines-Plate_001-Group_001-E2 Well_038_Unmixed.fcs,12.8,87.2,99.3,11.1,39.2,41.9,88.9,48.4,46.1,13.8,41.0,97.3,44.3,32.6,9.31,56.4,8.45,2.96,10.6,78.0,62.6,37.4,58.7,4.26,1.24,94.6,5.39,78.6,15.5,1.26,0.18,1.44,4.49,82.0,16.5,0.36,1.08,1.26,0.18,19.0,30.9,29.6,20.5,98.7,1.35,84.3,15.7,92.1,7.95,89.0,2.39,1.11,0.43,1.54,7.09,94.1,3.50,0.43,1.97,16.1,32.0,38.6,13.3,97.6,2.39,96.3,3.68,93.4,6.55,84.1,8.68,1.23,0.30,1.53,5.70,88.3,9.83,0.38,1.53,17.8,31.4,34.3,16.5,98.1,1.87,90.5,9.49,97.3,1.71,1.43,1.20,73.6,26.4,64.1,8.02,6.32,2.26,8.58,19.3,76.5,14.2,2.45,6.79,11.5,29.0,36.8,22.7,91.1,8.87,84.3,15.7,5.90,2.67,8.57,31.0,79.9,7.34,2.95,9.81,7.82,43.8,46.9,6169,34.7,49.8,7.68,88.1,11.9,90.2,62.7,3.35,93.4,1.26,0.36,5.03,91.8,1.40,90.1,1.62,1.20,7.09,0.81,6.00,8.80,25.2,69.3,3.49,6.32,20.8,58.2,3.36,10.2,28.3,9.81,25.9,9.04,2.69,6.35,4.48,60.6,33.1,66.9,
2024.12.13 TCSL250 Cytokines-Plate_001-Group_001-E3 Well_039_Unmixed.fcs,13.8,86.2,99.1,12.1,44.6,37.9,87.9,48.8,44.8,15.5,41.1,97.0,42.8,32.8,8.90,56.0,9.34,3.24,11.9,75.5,58.3,41.7,53.9,5.49,0.83,93.3,6.68,75.3,17.4,2.00,0.37,2.38,4.90,79.0,19.5,0.37,1.11,2.00,0.37,21.6,29.8,28.1,20.5,98.6,1.41,81.4,18.6,91.0,9.00,87.7,2.79,1.77,0.55,2.32,7.23,93.1,4.43,0.75,1.70,15.4,31.5,39.3,13.8,97.8,2.18,95.4,4.64,92.0,8.03,81.7,9.64,2.02,0.48,2.50,6.11,86.3,11.7,0.55,1.51,18.3,31.5,33.6,16.6,98.1,1.89,88.7,11.3,97.0,2.24,2.12,0.78,77.1,22.9,64.7,10.4,7.34,1.43,8.77,16.1,73.5,17.3,2.00,7.24,11.2,27.9,34.8,26.0,91.5,8.48,82.4,17.6,5.88,3.22,9.10,34.8,77.5,7.63,3.85,11.1,7.14,49.5,42.1,6734,35.1,49.7,8.05,85.6,14.4,89.7,61.5,3.24,92.1,0.97,0.74,6.24,90.5,1.20,89.4,1.36,1.23,8.04,1.10,7.24,10.0,25.2,72.1,3.91,5.82,18.2,54.3,2.66,13.0,30.1,10.3,26.8,9.30,2.65,6.65,5.74,58.2,34.0,66.0,
2024.12.13 TCSL250 Cytokines-Plate_001-Group_001-E4 Well_040_Unmixed.fcs,15.3,84.7,99.3,15.5,43.3,38.6,84.5,48.7,45.8,13.9,41.8,97.5,41.1,36.2,8.78,55.4,11.6,4.31,11.9,72.2,49.0,51.0,45.9,4.81,0.72,93.7,6.31,74.5,18.8,1.65,0.53,2.18,4.50,77.6,20.4,0.75,1.28,1.65,0.53,17.5,28.1,31.5,22.9,98.0,1.95,79.9,20.1,93.5,6.50,89.1,3.25,1.69,0.21,1.91,5.79,92.4,4.80,0.42,2.40,14.6,28.0,45.1,12.3,97.3,2.68,95.6,4.45,93.5,6.49,82.1,10.6,1.59,0.39,1.97,5.36,85.4,12.1,0.63,1.90,16.0,28.4,38.6,17.0,97.7,2.33,88.2,11.8,97.5,1.25,1.89,0.96,71.4,28.6,61.3,8.13,8.49,2.22,10.7,19.9,73.3,16.7,2.31,7.66,9.23,31.7,35.0,24.1,90.7,9.33,82.3,17.7,6.83,5.30,12.1,40.8,71.5,7.87,5.57,15.1,8.57,48.2,42.9,6720,39.2,45.6,6.62,80.3,19.7,87.1,53.5,3.57,92.5,1.05,1.35,5.11,91.6,1.69,91.0,2.19,1.13,5.72,1.27,5.47,13.0,30.0,67.4,2.95,7.57,22.1,43.8,4.18,17.3,34.8,12.9,31.9,12.0,4.12,7.85,4.12,52.0,41.9,58.1,
2024.12.13 TCSL250 Cytokines-Plate_001-Group_001-E5 Well_041_Unmixed.fcs,16.7,83.3,100,20.8,76.8,0.82,79.2,56.9,38.3,12.5,25.0,98.2,58.3,29.2,0,58.3,12.5,8.33,8.33,70.8,64.3,35.7,57.1,3.97,0.80,99.4,0.58,79.3,19.9,0.35,0.12,0.47,0.35,78.1,19.8,0.58,1.51,0.35,0.12,12.5,20.6,45.2,21.8,98.0,1.98,80.6,19.4,99.4,0.63,97.0,2.11,0,0.078,0.078,0.78,96.8,2.11,0.078,1.02,9.63,24.9,51.4,14.0,98.9,1.10,98.2,1.80,99.3,0.73,89.8,9.13,0.18,0.091,0.27,0.77,89.4,9.13,0.27,1.23,11.1,23.3,48.8,16.7,98.5,1.45,91.2,8.76,98.2,0,8.33,8.33,66.7,33.3,66.7,0,16.7,0,16.7,16.7,83.3,16.7,0,0,0,50.0,33.3,16.7,100,0,83.3,16.7,0,7.14,7.14,35.7,78.6,0,7.14,14.3,0,82.1,0.88,2919,21.4,78.6,0,78.6,21.4,92.9,50.0,0,97.3,1.98,0.47,0.23,97.6,1.54,98.0,1.25,0.16,0.63,0.36,0.50,20.8,29.2,66.7,0,0,33.3,57.1,0,21.4,21.4,7.14,33.3,16.7,8.33,8.33,0,50.0,45.8,54.2,
2024.12.13 TCSL250 Cytokines-Plate_001-Group_001-E6 Well_042_Unmixed.fcs,25.0,75.0,80.0,0,22.2,18.5,100,16.7,50.0,25.0,40.0,83.3,50.0,0,25.0,40.0,0,0,25.0,75.0,100,0,100,16.7,16.7,100,0,33.3,66.7,0,0,0,0,33.3,66.7,0,0,0,0,0,0,33.3,66.7,100,0,33.3,66.7,100,0,100,0,0,0,0,0,100,0,0,0,0,0,100,0,100,0,100,0,100,0,60.0,40.0,0,0,0,0,60.0,40.0,0,0,20.0,0,40.0,40.0,100,0,60.0,40.0,83.3,0,0,20.0,100,0,50.0,50.0,0,0,0,0,50.0,50.0,0,0,50.0,0,0,50.0,100,0,50.0,50.0,0,0,0,0,100,0,0,0,0,28.6,23.8,27.0,0,100,0,100,0,100,100,0,100,0,0,0,100,0,100,0,0,0,0,0,0,0,100,0,0,0,100,0,0,0,0,0,0,0,0,25.0,75.0,0,100,
2024.12.13 TCSL250 Cytokines-Plate_001-Group_001-E7 Well_043_Unmixed.fcs,9.52,90.5,95.5,14.3,71.9,0.91,85.7,55.6,39.8,9.52,31.8,95.8,42.9,38.1,9.52,54.5,14.3,0,9.52,76.2,75.0,25.0,75.0,3.86,0.75,99.1,0.87,82.8,16.1,0.29,0.14,0.43,0.72,82.1,16.4,0.14,1.45,0.29,0.14,12.3,29.1,40.7,17.9,98.4,1.59,84.4,15.6,99.5,0.52,96.3,2.90,0.10,0.31,0.41,0.41,94.7,2.59,0.73,1.97,11.7,29.9,45.3,13.1,97.4,2.59,96.9,3.11,99.4,0.60,90.7,8.36,0.18,0.24,0.42,0.48,89.8,8.42,0.36,1.44,11.9,29.4,44.0,14.7,98.3,1.74,91.7,8.30,95.8,0,4.55,9.09,71.4,28.6,71.4,0,28.6,0,28.6,0,71.4,28.6,0,0,14.3,14.3,57.1,14.3,100,0,71.4,28.6,0,0,0,25.0,75.0,0,0,25.0,0,77.5,0.98,2413,50.0,41.7,8.33,75.0,25.0,100,71.4,4.76,97.3,1.74,0.14,0.87,97.5,1.81,96.9,2.49,0.41,0.21,0.24,0.48,9.52,14.3,71.4,0,0,28.6,66.7,8.33,16.7,8.33,0,14.3,9.52,0,9.52,0,76.2,23.8,76.2,
2024.12.13 TCSL250 Cytokines-Plate_001-Group_001-E8 Well_044_Unmixed.fcs,38.6,61.4,93.6,68.2,57.6,0.80,31.8,33.4,42.5,9.09,29.8,98.1,38.6,47.7,4.55,38.3,43.2,25.0,13.6,18.2,11.1,88.9,11.1,23.7,0.36,15.5,84.5,12.2,2.44,22.8,22.9,45.8,39.6,16.2,24.1,24.1,35.6,22.8,22.9,5.29,49.6,38.4,6.69,40.9,59.1,52.1,47.9,6.21,93.8,5.50,0.62,4.79,27.9,32.7,61.2,11.7,5.24,28.0,55.0,4.08,50.6,41.7,3.64,17.1,82.9,67.1,32.9,9.48,90.5,7.61,1.48,12.6,24.8,37.4,53.5,12.3,13.6,25.3,48.8,5.92,51.7,37.4,4.98,26.2,73.8,61.5,38.5,98.1,0,29.8,2.13,14.3,85.7,7.14,7.14,21.4,21.4,42.9,42.9,7.14,28.6,21.4,42.9,7.14,50.0,21.4,21.4,35.7,64.3,50.0,50.0,11.1,38.9,50.0,38.9,16.7,11.1,38.9,33.3,0,64.3,0.89,5866,44.4,55.6,0,27.8,72.2,50.0,9.09,0,10.0,4.94,55.1,29.9,6.85,2.39,5.68,0.44,82.7,11.2,72.0,18.8,68.2,22.7,14.3,0,64.3,21.4,11.1,0,72.2,16.7,50.0,54.5,36.4,25.0,11.4,2.27,6.82,90.9,9.09,
2024.12.13 TCSL250 Cytokines-Plate_001-Group_001-F1 Well_045_Unmixed.fcs,17.9,82.1,99.5,16.2,49.6,32.5,83.8,46.5,47.2,17.1,42.7,97.4,39.7,33.0,10.2,53.6,11.6,5.28,14.4,68.7,52.4,47.6,46.7,4.95,1.36,91.1,8.87,69.7,19.6,3.27,0.63,3.90,6.86,74.3,22.5,1.07,2.14,3.27,0.63,20.8,28.7,25.1,25.4,97.0,3.02,77.7,22.3,89.8,10.2,85.5,3.12,1.47,0.96,2.42,8.99,90.9,4.14,1.40,3.57,19.8,32.4,32.6,15.2,95.4,4.59,95.5,4.46,90.0,9.99,77.2,11.2,2.68,0.91,3.59,8.04,82.2,13.5,1.34,2.92,20.3,31.0,28.9,19.7,96.0,3.99,86.3,13.7,97.4,3.04,1.49,2.17,70.7,29.3,57.4,10.3,9.33,2.55,11.9,20.5,68.5,19.4,2.76,9.33,11.2,27.5,31.7,29.6,88.5,11.5,79.7,20.3,7.59,4.89,12.5,37.8,70.7,9.54,5.99,13.8,9.79,54.4,35.6,6797,37.5,44.8,7.93,81.5,18.5,86.0,53.8,3.96,88.4,1.95,1.70,7.92,86.8,2.31,86.1,2.80,2.93,8.16,2.65,8.22,14.2,28.1,65.1,4.56,8.59,21.7,47.0,3.63,17.3,32.1,14.0,30.0,13.6,4.55,9.06,6.10,50.3,40.7,59.3,
2024.12.13 TCSL250 Cytokines-Plate_001-Group_001-F2 Well_046_Unmixed.fcs,18.8,81.2,99.2,14.7,36.8,41.3,85.3,46.6,46.0,17.5,40.3,96.2,42.1,29.8,10.7,55.1,8.80,6.31,14.6,70.2,54.5,45.5,48.9,6.15,1.30,92.5,7.53,71.8,20.0,2.26,1.13,3.39,4.90,75.1,21.8,1.51,1.51,2.26,1.13,22.8,26.4,28.6,22.2,97.6,2.45,77.8,22.2,90.0,10.0,84.2,3.35,2.42,2.23,4.65,7.81,87.0,5.76,2.42,4.83,16.9,29.2,39.0,14.9,92.9,7.06,93.5,6.51,90.5,9.45,77.4,11.4,2.88,1.53,4.41,6.75,80.7,13.8,2.16,3.33,19.6,28.6,33.5,18.3,95.2,4.77,85.4,14.6,96.2,2.52,2.01,2.55,69.5,30.5,55.9,11.3,8.05,4.21,12.3,20.5,68.4,17.8,5.75,8.05,12.6,26.4,34.3,26.6,87.7,12.3,79.3,20.7,9.38,4.90,14.3,34.3,73.9,11.5,5.32,9.24,9.38,40.8,45.7,3135,31.4,47.8,11.5,86.3,13.7,84.7,54.8,3.04,90.4,1.88,1.69,6.03,86.7,2.70,84.4,3.53,4.46,7.62,3.51,7.11,12.9,29.4,64.2,3.83,9.96,22.0,50.1,2.52,13.2,34.2,15.3,28.4,14.9,5.37,9.50,6.07,50.6,40.4,59.6,
2024.12.13 TCSL250 Cytokines-Plate_001-Group_001-F3 Well_047_Unmixed.fcs,21.9,78.1,99.5,15.8,38.9,38.8,84.2,48.4,44.6,16.2,40.2,97.5,44.0,30.6,9.20,56.3,8.88,7.35,16.3,67.5,49.5,50.5,43.3,5.71,1.33,89.3,10.7,69.7,18.5,3.56,1.00,4.55,7.25,75.0,21.6,1.56,1.85,3.56,1.00,19.8,30.4,28.6,21.2,96.9,3.13,77.8,22.2,88.2,11.8,83.6,3.41,2.62,0.79,3.41,9.57,89.8,5.90,1.05,3.28,15.7,32.6,37.6,14.0,96.1,3.93,94.6,5.37,87.8,12.2,76.2,10.5,3.32,1.04,4.36,8.98,82.5,13.5,1.43,2.54,17.8,32.3,33.1,16.9,96.4,3.58,86.3,13.7,97.5,2.82,1.14,2.29,67.3,32.7,53.9,11.8,9.95,3.48,13.4,20.9,67.6,21.6,4.27,6.48,12.3,25.8,36.8,25.1,90.4,9.64,75.8,24.2,9.93,6.66,16.6,37.2,69.4,12.2,7.34,11.1,7.45,43.5,43.4,4056,34.3,47.6,10.6,82.3,17.7,82.2,51.8,2.68,86.8,1.99,2.13,9.10,85.6,1.76,86.2,1.70,3.28,8.78,2.86,9.76,14.9,30.6,63.5,3.16,9.00,24.3,45.3,2.48,17.0,35.2,17.8,29.9,16.9,6.45,10.4,6.45,46.8,44.1,55.9,
2024.12.13 TCSL250 Cytokines-Plate_001-Group_001-F4 Well_048_Unmixed.fcs,23.7,76.3,99.4,19.8,40.1,40.8,80.2,50.0,44.2,14.9,41.4,97.9,42.8,34.1,8.13,54.3,11.1,9.24,16.6,63.1,46.8,53.2,41.3,4.45,1.35,92.4,7.64,70.1,21.3,2.55,1.02,3.57,5.10,73.5,23.3,1.53,1.66,2.55,1.02,18.6,25.1,33.2,23.1,97.1,2.93,76.7,23.3,91.3,8.66,85.8,3.15,1.80,0.90,2.70,8.32,90.2,4.61,1.24,3.94,14.8,24.9,43.0,17.3,95.6,4.39,94.9,5.06,91.0,9.03,77.9,11.4,2.36,1.27,3.62,7.13,81.9,13.3,1.73,3.11,16.7,25.4,38.4,19.6,95.9,4.14,86.1,13.9,97.9,2.96,1.60,2.71,63.6,36.4,51.1,9.76,11.6,5.88,17.5,21.7,63.6,21.1,6.28,8.96,10.6,30.2,34.0,25.3,85.6,14.4,74.5,25.5,10.1,9.07,19.2,36.6,64.6,12.4,9.68,13.3,6.32,44.6,45.4,4426,37.5,48.5,7.65,78.4,21.6,80.1,48.6,3.01,90.2,1.66,2.04,6.11,87.8,2.24,87.6,2.47,3.15,6.75,3.05,6.90,18.5,30.0,59.2,3.07,13.5,24.2,42.2,3.16,20.9,33.7,19.9,29.8,19.9,8.69,11.2,5.85,44.4,47.0,53.0,
2024.12.13 TCSL250 Cytokines-Plate_001-Group_001-F5 Well_049_Unmixed.fcs,31.2,68.8,100,31.2,71.7,0.72,68.8,56.5,38.3,25.0,31.2,97.3,25.0,43.8,6.25,56.2,12.5,18.8,12.5,56.2,55.6,44.4,55.6,4.10,1.14,96.5,3.46,77.3,18.5,1.48,0.49,1.98,2.31,76.9,19.4,1.15,2.47,1.48,0.49,15.0,25.0,42.0,18.0,97.2,2.80,80.6,19.4,97.7,2.35,92.3,3.13,1.12,0.34,1.45,3.13,92.1,4.13,0.45,3.35,8.38,23.6,50.5,17.5,97.0,3.02,96.0,4.02,97.0,3.05,86.0,9.34,1.36,0.45,1.82,2.85,85.9,10.4,0.84,2.85,11.1,24.5,47.0,17.4,97.1,2.85,89.6,10.4,97.3,0,6.25,6.25,80.0,20.0,80.0,0,0,0,0,20.0,80.0,0,0,20.0,0,40.0,20.0,40.0,80.0,20.0,100,0,11.1,33.3,44.4,0,44.4,11.1,33.3,11.1,0,77.1,0.78,2211,55.6,22.2,22.2,55.6,44.4,55.6,56.2,6.25,94.1,2.31,1.65,1.98,93.4,2.92,93.2,3.46,1.12,2.23,1.36,2.33,31.2,6.25,80.0,0,20.0,0,44.4,11.1,33.3,11.1,44.4,6.25,31.2,18.8,12.5,0,62.5,37.5,62.5,
2024.12.13 TCSL250 Cytokines-Plate_001-Group_001-F6 Well_050_Unmixed.fcs,0,100,50.0,0,31.2,12.5,100,40.0,20.0,0,0,100,100,0,0,50.0,0,0,0,100,100,0,100,40.0,0,100,0,0,100,0,0,0,0,0,100,0,0,0,0,0,0,100,0,100,0,0,100,50.0,50.0,50.0,0,0,0,0,50.0,50.0,0,0,50.0,0,50.0,50.0,0,50.0,50.0,100,0,80.0,20.0,40.0,20.0,0,0,0,40.0,60.0,20.0,0,20.0,20.0,20.0,40.0,20.0,80.0,20.0,80.0,20.0,100,0,50.0,0,0,0,0,0,0,0,0,0,0,0,0,0,0,0,0,0,0,0,0,0,0,0,0,0,100,0,0,0,0,55.6,22.2,16.0,0,100,0,100,0,100,100,0,100,0,0,0,80.0,0,50.0,0,50.0,0,20.0,0,0,0,0,0,0,0,100,0,0,0,0,0,0,0,0,0,100,0,100,
2024.12.13 TCSL250 Cytokines-Plate_001-Group_001-F7 Well_051_Unmixed.fcs,6.67,93.3,100,40.0,62.0,0.48,60.0,56.5,38.9,13.3,33.3,97.2,40.0,40.0,6.67,66.7,33.3,6.67,0,60.0,50.0,50.0,50.0,3.72,0.93,99.5,0.53,77.4,21.8,0.13,0,0.13,0.66,75.7,21.4,0.53,2.39,0.13,0,11.2,23.6,41.0,24.2,97.2,2.79,78.8,21.2,99.2,0.82,95.4,3.65,0.18,0.091,0.27,0.64,94.2,3.65,0.27,1.92,10.7,26.8,47.4,15.1,97.9,2.10,96.9,3.11,99.2,0.85,88.1,10.9,0.16,0.11,0.27,0.80,86.6,10.7,0.42,2.23,10.7,26.0,44.5,18.8,97.5,2.50,89.6,10.4,97.2,0,0,0,80.0,20.0,80.0,0,0,0,0,20.0,60.0,0,0,40.0,20.0,40.0,20.0,20.0,60.0,40.0,100,0,0,10.0,10.0,40.0,60.0,0,10.0,30.0,0,66.4,0.51,3125,40.0,50.0,10.0,60.0,40.0,90.0,53.3,6.67,96.4,2.92,0.27,0.40,96.5,2.50,97.0,2.10,0.091,0.82,0.27,0.74,33.3,6.67,60.0,20.0,20.0,0,50.0,0,40.0,10.0,10.0,33.3,6.67,6.67,0,0,60.0,40.0,60.0,
2024.12.13 TCSL250 Cytokines-Plate_001-Group_001-F8 Well_052_Unmixed.fcs,46.4,53.6,96.6,75.0,51.8,0.71,25.0,39.3,41.8,10.7,41.4,98.8,53.6,28.6,7.14,20.7,35.7,39.3,7.14,17.9,16.7,83.3,16.7,17.8,1.04,12.0,88.0,8.57,2.25,21.4,28.2,49.6,39.6,13.4,22.2,29.7,34.7,21.4,28.2,4.51,46.6,38.7,10.3,37.0,63.0,49.0,51.0,3.60,96.4,3.24,0.24,6.48,28.3,34.8,61.7,9.72,6.60,28.5,55.2,6.60,45.4,40.9,7.08,16.6,83.4,66.0,34.0,6.97,93.0,5.16,1.19,12.9,27.5,40.4,53.3,10.3,13.4,28.2,48.1,6.40,47.0,37.9,8.69,24.3,75.7,59.3,40.7,98.8,0,17.2,20.7,33.3,66.7,16.7,8.33,8.33,33.3,41.7,33.3,16.7,16.7,33.3,33.3,8.33,8.33,58.3,25.0,33.3,66.7,50.0,50.0,0,33.3,33.3,50.0,33.3,0,33.3,33.3,16.7,55.5,0.76,4095,50.0,33.3,0,33.3,66.7,66.7,10.7,3.57,7.22,4.17,61.2,27.4,4.63,1.96,3.12,0.36,83.3,13.2,74.8,18.6,71.4,14.3,16.7,8.33,58.3,16.7,16.7,0,66.7,16.7,33.3,42.9,42.9,39.3,3.57,3.57,10.7,82.1,17.9,
2024.12.13 TCSL250 Cytokines-Plate_001-Group_001-G1 Well_053_Unmixed.fcs,19.5,80.5,99.5,18.4,47.8,32.7,81.6,47.2,46.2,17.5,43.4,97.4,40.5,31.9,10.1,52.4,12.2,6.77,14.8,66.2,52.2,47.8,46.2,5.27,1.42,92.7,7.35,70.4,20.2,2.72,1.01,3.72,5.64,74.1,22.3,1.71,1.91,2.72,1.01,23.1,25.2,24.8,26.9,96.9,3.07,77.0,23.0,90.0,9.95,85.0,2.96,1.82,0.94,2.76,9.31,91.6,4.58,1.13,2.71,18.9,31.3,35.4,14.5,96.4,3.60,95.2,4.78,90.6,9.44,77.4,11.1,2.60,1.12,3.72,7.77,82.8,13.3,1.55,2.34,20.9,28.7,30.3,20.0,96.5,3.48,86.2,13.8,97.4,2.72,0.95,3.20,65.0,35.0,52.2,10.1,10.4,4.78,15.2,22.5,64.6,20.1,5.49,9.87,10.7,28.0,32.8,28.6,85.7,14.3,76.7,23.3,7.72,4.99,12.7,38.4,70.2,9.92,5.58,14.3,9.66,52.2,35.6,9004,35.4,46.0,8.88,81.7,18.3,86.4,51.6,3.76,89.9,1.96,2.16,5.99,87.8,1.86,87.3,1.87,2.71,8.13,2.69,7.63,16.5,28.1,59.8,4.00,12.9,23.3,46.8,3.76,17.2,32.3,13.6,30.8,15.5,6.09,9.40,5.95,47.8,43.3,56.7,
2024.12.13 TCSL250 Cytokines-Plate_001-Group_001-G2 Well_054_Unmixed.fcs,17.5,82.5,99.4,15.1,38.1,41.8,84.9,50.3,43.5,16.5,41.3,97.0,42.1,31.0,10.4,53.2,9.45,6.07,12.9,71.5,57.5,42.5,52.0,4.83,1.43,90.5,9.50,69.9,19.0,3.10,0.94,4.05,7.06,74.2,21.8,1.32,2.63,3.10,0.94,18.8,31.4,28.5,21.3,96.4,3.57,78.1,21.9,90.6,9.36,86.1,2.85,2.28,0.57,2.85,8.22,91.2,4.48,1.22,3.09,18.7,30.7,38.1,12.5,96.4,3.58,94.8,5.21,90.1,9.91,78.2,10.2,2.83,0.97,3.80,7.84,83.1,12.4,1.56,2.87,18.6,31.4,33.8,16.2,96.2,3.75,86.8,13.2,97.0,2.17,1.56,3.91,69.7,30.3,57.3,9.38,8.66,4.15,12.8,20.6,69.7,17.5,4.78,8.03,12.1,28.7,32.8,26.4,88.0,12.0,79.4,20.6,6.37,4.06,10.4,35.4,76.8,8.40,4.27,10.5,9.24,42.3,46.4,6423,33.0,47.9,9.87,85.8,14.2,88.4,56.1,3.15,87.5,2.07,2.35,8.09,86.7,2.40,87.1,2.60,2.03,8.22,2.45,8.44,13.6,27.1,64.7,3.16,10.6,21.5,52.2,3.29,12.7,31.7,11.6,28.5,13.6,5.47,8.10,5.36,52.6,38.8,61.2,
2024.12.13 TCSL250 Cytokines-Plate_001-Group_001-G3 Well_055_Unmixed.fcs,23.2,76.8,99.1,19.7,38.3,42.3,80.3,47.5,45.6,16.4,41.0,96.2,41.9,32.9,8.79,53.9,11.0,9.41,15.6,63.9,49.8,50.2,44.0,5.29,1.55,90.8,9.23,70.6,18.2,3.05,1.22,4.27,6.88,75.3,20.9,1.66,2.09,3.05,1.22,21.7,28.1,26.1,24.0,96.7,3.31,78.7,21.3,87.2,12.8,81.9,3.43,2.09,1.34,3.43,11.3,90.6,5.43,1.59,2.42,17.6,31.8,33.4,17.2,96.5,3.51,94.2,5.77,88.1,11.9,75.6,10.5,3.02,1.40,4.42,9.42,82.7,13.3,1.78,2.27,20.0,30.1,29.7,20.2,96.5,3.47,86.2,13.8,96.2,2.74,1.62,3.49,64.5,35.5,53.3,8.35,12.0,5.54,17.5,20.8,64.1,19.2,6.77,9.84,10.1,31.6,32.4,25.8,85.3,14.7,75.6,24.4,9.75,8.02,17.8,35.5,66.9,12.0,8.75,12.4,8.22,41.8,46.2,6566,34.2,47.6,10.0,80.0,20.0,81.3,48.9,3.74,88.1,1.66,2.53,7.75,85.5,1.65,84.4,1.92,3.09,10.6,3.18,9.71,18.2,29.2,58.2,4.48,13.0,24.3,44.3,3.41,19.6,32.7,18.7,28.6,19.8,8.39,11.4,5.09,46.6,45.4,54.6,
2024.12.13 TCSL250 Cytokines-Plate_001-Group_001-G4 Well_056_Unmixed.fcs,20.4,79.6,99.3,17.5,40.9,40.2,82.5,51.5,42.0,14.5,38.6,97.9,44.3,31.6,9.58,57.2,11.3,6.77,15.1,66.8,50.2,49.8,45.8,4.80,1.66,92.9,7.07,71.0,20.6,3.42,0.62,4.04,4.43,73.4,23.4,1.32,1.86,3.42,0.62,16.3,28.3,31.3,24.1,97.4,2.64,76.4,23.6,92.6,7.41,86.9,4.24,1.20,0.70,1.90,6.97,91.8,5.19,1.01,2.03,17.1,28.8,40.3,13.8,97.3,2.66,94.6,5.38,92.0,7.99,79.2,11.3,2.53,0.90,3.43,6.00,83.0,13.4,1.43,2.10,16.9,29.3,35.9,17.9,97.0,2.96,86.2,13.8,97.9,2.37,1.56,2.58,68.3,31.7,55.7,9.43,11.7,3.86,15.6,19.3,67.3,20.3,4.72,7.63,10.9,29.5,34.0,25.6,88.9,11.1,76.2,23.8,8.45,6.48,14.9,36.9,68.3,10.7,6.77,14.2,8.85,45.0,44.3,7503,33.4,50.2,7.52,79.6,20.4,84.1,52.0,3.57,90.1,2.25,1.32,6.37,89.3,2.03,90.0,1.84,1.90,6.27,2.10,6.60,15.4,29.0,63.5,3.60,9.69,23.2,45.7,3.59,18.1,32.6,15.9,29.3,16.6,6.21,10.4,5.24,48.8,43.3,56.7,
2024.12.13 TCSL250 Cytokines-Plate_001-Group_001-G5 Well_057_Unmixed.fcs,45.5,54.5,95.7,45.5,74.0,0.73,54.5,54.1,41.3,9.09,26.1,97.7,36.4,45.5,9.09,69.6,27.3,18.2,27.3,27.3,31.2,68.8,25.0,3.52,1.16,95.9,4.06,74.2,20.3,1.56,1.04,2.60,2.91,73.8,21.5,1.66,3.02,1.56,1.04,13.0,24.1,41.5,21.3,95.8,4.16,77.9,22.1,95.6,4.37,89.1,4.53,1.43,0.79,2.22,4.13,90.2,5.48,1.27,3.10,8.98,22.4,52.3,16.4,96.0,3.97,94.3,5.72,95.6,4.39,82.4,11.3,1.71,0.88,2.59,3.69,82.8,12.6,1.45,3.16,10.8,23.8,47.4,18.0,95.9,4.09,87.0,13.0,97.7,0,4.35,0,16.7,83.3,0,16.7,50.0,16.7,66.7,16.7,16.7,66.7,16.7,0,16.7,33.3,50.0,0,83.3,16.7,16.7,83.3,12.5,18.8,31.2,43.8,31.2,12.5,18.8,37.5,6.25,79.3,0.78,3147,50.0,31.2,12.5,43.8,56.2,68.8,18.2,9.09,92.1,3.02,2.50,2.39,92.0,2.72,92.3,2.38,2.70,2.62,2.64,2.68,36.4,36.4,16.7,0,16.7,66.7,18.8,12.5,43.8,25.0,31.2,36.4,40.9,18.2,22.7,4.55,18.2,72.7,27.3,
2024.12.13 TCSL250 Cytokines-Plate_001-Group_001-G6 Well_058_Unmixed.fcs,11.8,88.2,94.4,17.6,39.3,29.5,82.4,54.2,37.5,23.5,38.9,95.8,47.1,17.6,11.8,50.0,17.6,5.88,5.88,70.6,55.6,44.4,55.6,8.33,0,100,0,44.4,33.3,22.2,0,22.2,0,44.4,55.6,0,0,22.2,0,11.1,11.1,33.3,44.4,100,0,44.4,55.6,84.6,15.4,84.6,0,0,0,0,15.4,92.3,0,0,7.69,15.4,15.4,69.2,0,100,0,100,0,91.3,8.70,69.6,13.0,8.70,0,8.70,8.70,73.9,21.7,0,4.35,17.4,13.0,52.2,17.4,100,0,78.3,21.7,95.8,0,5.56,5.56,71.4,28.6,57.1,14.3,0,0,0,28.6,71.4,14.3,0,14.3,14.3,14.3,42.9,28.6,85.7,14.3,85.7,14.3,0,0,0,44.4,77.8,0,0,22.2,11.1,46.2,34.6,61.0,22.2,55.6,11.1,88.9,11.1,100,52.9,5.88,77.8,0,0,22.2,82.6,0,84.6,0,7.69,7.69,4.35,13.0,17.6,23.5,71.4,0,14.3,14.3,44.4,11.1,11.1,33.3,0,35.3,5.88,5.88,0,5.88,52.9,41.2,58.8,
2024.12.13 TCSL250 Cytokines-Plate_001-Group_001-G7 Well_059_Unmixed.fcs,34.6,65.4,100,15.4,67.0,1.21,84.6,55.1,39.7,15.4,34.6,97.1,50.0,19.2,15.4,50.0,11.5,3.85,34.6,50.0,61.5,38.5,53.8,4.04,1.18,96.7,3.33,73.9,21.4,1.40,0.88,2.28,2.46,71.6,22.1,1.58,4.74,1.40,0.88,14.4,24.4,40.5,20.7,94.2,5.79,78.2,21.8,96.3,3.66,88.6,5.68,1.52,0.63,2.15,3.54,88.0,6.57,1.26,4.17,11.4,26.9,47.5,14.3,95.3,4.67,93.9,6.06,96.1,3.94,82.4,12.0,1.72,0.86,2.58,3.08,81.1,13.1,1.43,4.30,12.4,26.7,44.5,16.3,94.9,5.09,87.4,12.6,97.1,7.69,0,15.4,88.9,11.1,44.4,33.3,0,0,0,22.2,55.6,33.3,0,11.1,22.2,22.2,33.3,22.2,88.9,11.1,66.7,33.3,15.4,0,15.4,23.1,61.5,23.1,0,15.4,15.4,71.9,1.30,2145,23.1,53.8,7.69,84.6,15.4,84.6,61.5,3.85,91.4,4.56,1.93,2.11,91.2,4.01,91.4,3.91,2.40,2.27,2.29,2.51,11.5,23.1,77.8,0,11.1,11.1,53.8,7.69,7.69,30.8,15.4,19.2,15.4,3.85,11.5,23.1,42.3,30.8,69.2,
2024.12.13 TCSL250 Cytokines-Plate_001-Group_001-G8 Well_060_Unmixed.fcs,39.6,60.4,100,79.2,62.6,0.73,20.8,39.3,39.1,14.6,22.9,99.0,50.0,31.2,4.17,43.8,41.7,37.5,4.17,16.7,9.52,90.5,9.52,21.1,0.51,11.7,88.3,8.31,2.42,19.5,28.6,48.0,41.2,13.0,20.6,29.9,36.5,19.5,28.6,5.46,40.0,41.5,13.0,34.4,65.6,50.5,49.5,4.82,95.2,3.77,0.62,5.56,27.7,33.3,62.4,8.03,6.12,27.9,58.0,4.08,39.4,48.5,7.97,14.3,85.7,67.3,32.7,7.06,92.9,5.08,1.42,11.0,26.9,37.9,55.6,9.32,11.9,27.5,51.3,5.86,41.2,42.3,10.7,21.6,78.4,61.7,38.3,99.0,0,18.8,14.6,27.3,72.7,18.2,9.09,0,36.4,36.4,36.4,27.3,9.09,36.4,27.3,0,18.2,54.5,27.3,36.4,63.6,63.6,36.4,0,23.8,23.8,66.7,19.0,0,23.8,57.1,4.76,67.2,0.78,6581,38.1,42.9,14.3,19.0,81.0,76.2,10.4,0,6.39,4.90,62.1,26.6,4.56,2.28,4.26,0.43,85.7,9.58,76.9,16.3,79.2,10.4,27.3,0,63.6,9.09,9.52,0,81.0,9.52,23.8,50.0,39.6,37.5,2.08,2.08,8.33,89.6,10.4,
Mean,17.6,82.4,97.9,18.5,50.0,28.9,81.5,47.5,44.6,14.5,40.4,97.0,42.6,33.5,9.41,52.9,12.6,6.26,12.3,68.8,56.0,44.0,52.7,6.77,1.13,90.9,9.12,69.0,20.8,2.95,1.70,4.65,5.52,71.4,23.5,2.01,3.08,2.95,1.70,17.9,27.0,32.1,23.0,95.2,4.85,75.4,24.6,88.3,11.7,85.3,2.28,1.41,1.83,3.24,9.23,88.7,3.53,2.02,5.70,14.6,30.3,42.1,12.9,92.7,7.34,95.0,4.98,89.3,10.7,77.4,10.7,2.19,1.76,3.95,7.94,80.8,12.7,2.01,4.51,17.0,29.1,36.0,17.8,93.8,6.18,86.1,13.9,97.0,1.60,3.91,2.81,67.4,30.9,55.9,9.83,8.95,3.84,12.8,19.8,66.3,18.5,4.24,9.35,11.6,30.0,33.2,23.5,85.2,13.1,76.8,21.5,5.74,6.40,12.1,33.6,71.2,7.09,6.69,15.0,7.66,55.3,32.1,7336,36.2,48.5,7.65,79.0,21.0,87.1,56.2,3.47,88.6,1.55,3.83,5.99,87.3,1.56,86.3,1.65,6.39,5.68,5.28,5.90,16.1,24.2,63.0,3.40,10.7,21.2,51.4,3.62,18.7,26.3,12.9,27.7,13.3,5.90,7.39,5.26,53.7,39.3,60.7,
SD,8.58,8.58,6.87,15.2,9.92,13.2,15.2,5.78,4.47,4.09,7.73,1.94,8.90,8.38,3.21,6.52,8.50,7.40,5.10,15.5,16.0,16.0,16.1,5.82,2.07,18.1,18.1,18.1,13.0,5.06,5.79,10.4,8.17,18.0,12.6,6.04,7.56,5.06,5.79,5.52,7.44,10.1,8.05,13.4,13.4,13.9,13.9,20.3,20.3,19.7,1.08,1.16,6.06,7.09,13.7,19.2,1.46,6.06,13.2,4.44,6.88,9.47,3.93,18.8,18.8,6.68,6.68,19.1,19.1,18.0,4.67,2.60,5.72,8.12,11.8,17.1,4.18,5.81,10.7,3.69,6.65,4.86,4.16,16.3,16.3,7.22,7.22,1.94,1.22,7.69,4.42,16.8,14.9,16.1,7.02,7.18,6.72,10.9,7.06,17.3,9.37,6.68,8.28,6.39,8.93,9.33,7.13,17.4,13.4,15.5,12.2,3.31,7.84,9.18,11.0,16.3,4.05,7.81,9.44,3.41,9.78,14.4,3087,9.66,12.0,3.64,15.8,15.8,9.05,16.2,1.65,18.9,1.02,12.9,5.88,19.2,0.67,19.9,0.77,19.0,2.69,16.2,3.65,15.0,7.26,16.7,2.84,12.7,9.27,16.4,2.50,15.4,8.15,9.05,9.20,8.73,7.46,3.51,3.98,15.1,15.7,15.7,
